Occupation title (click on the occupation title to view its profile),عنوان المهنة (انقر فوق عنوان المهنة لعرض ملفها الشخصي)
All Occupations,جميع المهن
Management Occupations,المهن الإدارية
Top Executives,كبار التنفيذيين
Chief Executives,الرؤساء التنفيذيون
General and Operations Managers,مدراء العموم والعمليات
Legislators,المشرعون
"Advertising, Marketing, Promotions, Public Relations, and Sales Managers",مديري الإعلانات والتسويق والترويج والعلاقات العامة والمبيعات
Advertising and Promotions Managers,مدراء الإعلانات والعروض الترويجية
Marketing and Sales Managers,مديري التسويق والمبيعات
Marketing Managers,مدراء التسويق
Sales Managers,مديرين مبيعات
Public Relations and Fundraising Managers,مدراء العلاقات العامة وجمع التبرعات
Public Relations Managers,مدراء العلاقات العامة
Fundraising Managers,مدراء جمع التبرعات
Operations Specialties Managers,مدراء تخصصات العمليات
Administrative Services and Facilities Managers,مدراء الخدمات الإدارية والمرافق
Administrative Services Managers,مدراء الخدمات الإدارية
Facilities Managers,مدراء المرافق
Computer and Information Systems Managers,مدراء نظم المعلومات والحاسوب
Financial Managers,المدراء الماليون
Industrial Production Managers,مدراء الإنتاج الصناعي
Purchasing Managers,مديري المشتريات
"Transportation, Storage, and Distribution Managers",مديرو النقل والتخزين والتوزيع
Compensation and Benefits Managers,مديرو التعويضات والمزايا
Human Resources Managers,مدراء الموارد البشرية
Training and Development Managers,مدراء التدريب والتطوير
Other Management Occupations,المهن الإدارية الأخرى
"Farmers, Ranchers, and Other Agricultural Managers",المزارعين ومربي الماشية والمدراء الزراعيين الآخرين
Construction Managers,مدراء البناء
Education and Childcare Administrators,مديرو التعليم ورعاية الأطفال
"Education and Childcare Administrators, Preschool and Daycare",مديرو التعليم ورعاية الأطفال ، ما قبل المدرسة والرعاية النهارية
"Education Administrators, Kindergarten through Secondary",مديري التعليم من رياض الأطفال حتى المرحلة الثانوية
"Education Administrators, Postsecondary",مديرو التعليم ، ما بعد المرحلة الثانوية
"Education Administrators, All Other",مديرو التعليم ، كل الآخرين
Architectural and Engineering Managers,مدراء الهندسة المعمارية والهندسة
Food Service Managers,مدراء خدمات الطعام
Entertainment and Recreation Managers,مدراء الترفيه والاستجمام
Gambling Managers,مديرو القمار
"Entertainment and Recreation Managers, Except Gambling",مدراء الترفيه والاستجمام ، باستثناء المقامرة
Lodging Managers,مديري السكن
Medical and Health Services Managers,مدراء الخدمات الطبية والصحية
Natural Sciences Managers,مدراء العلوم الطبيعية
Postmasters and Mail Superintendents,مدراء البريد ومراقبو البريد
"Property, Real Estate, and Community Association Managers",مدراء الممتلكات والعقارات وجمعيات المجتمع
Social and Community Service Managers,مدراء الخدمات الاجتماعية والمجتمعية
Emergency Management Directors,مدراء إدارة الطوارئ
Personal Service Managers,مدراء الخدمات الشخصية
Funeral Home Managers,مديرو منازل الجنازة
"Personal Service Managers, All Other",مدراء الخدمات الشخصية ، كل الآخرين
"Managers, All Other",المدراء ، كل الآخرين
Business and Financial Operations Occupations,مهن الأعمال والعمليات المالية
Business Operations Specialists,متخصصو عمليات الأعمال
"Agents and Business Managers of Artists, Performers, and Athletes",الوكلاء ومديرو الأعمال للفنانين والفنانين والرياضيين
Buyers and Purchasing Agents,المشترون ووكلاء الشراء
"Claims Adjusters, Appraisers, Examiners, and Investigators",مدققو المطالبات والمثمنون والفاحصون والمحققون
"Claims Adjusters, Examiners, and Investigators",مدققو المطالبات والفاحصون والمحققون
"Insurance Appraisers, Auto Damage",المثمنون التأمين ، أضرار السيارات
Compliance Officers,ضباط الامتثال
Cost Estimators,مقدرات التكلفة
Human Resources Workers,عمال الموارد البشرية
Human Resources Specialists,متخصصو الموارد البشرية
Farm Labor Contractors,مقاولي عمال المزارع
Labor Relations Specialists,أخصائيو علاقات العمل
Logisticians and Project Management Specialists,خبراء اللوجستيات وإدارة المشاريع
Logisticians,اللوجستيون
Project Management Specialists,متخصصون في إدارة المشاريع
Management Analysts,محللو الإدارة
"Meeting, Convention, and Event Planners",الاجتماعات ، والمؤتمرات ، ومخططي الأحداث
Fundraisers,جامعي التبرعات
"Compensation, Benefits, and Job Analysis Specialists",أخصائيو التعويضات والمزايا وتحليل الوظيفة
Training and Development Specialists,أخصائيو التدريب والتطوير
Market Research Analysts and Marketing Specialists,محللو أبحاث السوق وأخصائيي التسويق
"Business Operations Specialists, All Other",اختصاصيو عمليات الأعمال ، جميع الآخرين
Financial Specialists,المتخصصين الماليين
Accountants and Auditors,محاسبون ومدققو حسابات
Property Appraisers and Assessors,المثمنون والمقيمون الملكية
Budget Analysts,محللو الميزانية
Credit Analysts,محللو الائتمان
Financial Analysts and Advisors,محللون ومستشارون ماليون
Financial and Investment Analysts,محللون ماليون واستثماريون
Personal Financial Advisors,المستشارين الماليين الشخصيين
Insurance Underwriters,وكلاء التأمين
Financial Risk Specialists,متخصصو المخاطر المالية
Financial Examiners,الفاحصون الماليون
Credit Counselors and Loan Officers,مستشارو الائتمان وموظفو القروض
Credit Counselors,مستشاري الائتمان
Loan Officers,مسؤولي القروض
"Tax Examiners, Collectors and Preparers, and Revenue Agents",مدققو الضرائب وجامعوها ومعدوها ووكلاء الإيرادات
"Tax Examiners and Collectors, and Revenue Agents",مدققو وجباة الضرائب ووكلاء الإيرادات
Tax Preparers,معدي الضرائب
"Financial Specialists, All Other",المتخصصون الماليون ، جميع الآخرين
Computer and Mathematical Occupations,المهن الحاسوبية والرياضية
Computer Occupations,مهن الكمبيوتر
Computer and Information Analysts,محللو الكمبيوتر والمعلومات
Computer Systems Analysts,محللو أنظمة الكمبيوتر
Information Security Analysts,محللو أمن المعلومات
Computer and Information Research Scientists,علماء أبحاث الكمبيوتر والمعلومات
Computer Support Specialists,أخصائيو دعم الكمبيوتر
Computer Network Support Specialists,متخصصو دعم شبكات الكمبيوتر
Computer User Support Specialists,متخصصو دعم مستخدمي الكمبيوتر
Database and Network Administrators and Architects,مهندسو قواعد البيانات والشبكات والمهندسون المعماريون
Computer Network Architects,مهندسو شبكات الكمبيوتر
Database Administrators,مسؤولي قواعد البيانات
Database Architects,مهندسو قواعد البيانات
Network and Computer Systems Administrators,مسؤولو أنظمة الشبكات والحاسوب
"Software and Web Developers, Programmers, and Testers",مطورو البرامج والويب والمبرمجون والمختبرين
Computer Programmers,مبرمجي الكمبيوتر
Software Developers,مطوري البرامج
Software Quality Assurance Analysts and Testers,محللو ومختبرو ضمان جودة البرمجيات
Web Developers,مطوري الويب
Web and Digital Interface Designers,مصممي الويب والواجهة الرقمية
"Computer Occupations, All Other",مهن الكمبيوتر ، جميع أخرى
Mathematical Science Occupations,مهن العلوم الرياضية
Actuaries,الاكتواريين
Mathematicians,علماء الرياضيات
Operations Research Analysts,محللو بحوث العمليات
Statisticians,الإحصائيين
Data Scientists,علماء البيانات
"Mathematical Science Occupations, All Other",مهن العلوم الرياضية ، جميع أخرى
Architecture and Engineering Occupations,المهن المعمارية والهندسية
"Architects, Surveyors, and Cartographers",المهندسين المعماريين والمساحين ورسامي الخرائط
"Architects, Except Naval",المهندسين المعماريين باستثناء البحرية
"Architects, Except Landscape and Naval",المهندسين المعماريين ، باستثناء المناظر الطبيعية والبحرية
Landscape Architects,مهندسي المناظر الطبيعية
"Surveyors, Cartographers, and Photogrammetrists",المساحون ورسامو الخرائط ورسامو الخرائط
Cartographers and Photogrammetrists,رسامو الخرائط ورسامو الخرائط
Surveyors,مساحون
Engineers,المهندسين
Aerospace Engineers,مهندسو الطيران
Agricultural Engineers,المهندسين الزراعيين
Bioengineers and Biomedical Engineers,المهندسون الحيويون والمهندسون الطبيون
Chemical Engineers,المهندسين الكيميائيين
Civil Engineers,مهندس مدني
Computer Hardware Engineers,مهندسو أجهزة الكمبيوتر
Electrical and Electronics Engineers,مهندسو الكهرباء والإلكترونيات
Electrical Engineers,مهندسين كهربائيين
"Electronics Engineers, Except Computer",مهندسو الإلكترونيات ، باستثناء الكمبيوتر
Environmental Engineers,المهندسين البيئيين
"Industrial Engineers, Including Health and Safety",المهندسين الصناعيين ، بما في ذلك الصحة والسلامة
"Health and Safety Engineers, Except Mining Safety Engineers and Inspectors",مهندسو الصحة والسلامة ، باستثناء مهندسي ومفتشي سلامة التعدين
Industrial Engineers,المهندسين الصناعيين
Marine Engineers and Naval Architects,المهندسين البحريين والمهندسين البحريين
Materials Engineers,مهندسو المواد
Mechanical Engineers,المهندسين الميكانيكيين
"Mining and Geological Engineers, Including Mining Safety Engineers",التعدين والمهندسون الجيولوجيون ، بما في ذلك مهندسو سلامة التعدين
Nuclear Engineers,المهندسين النوويين
Petroleum Engineers,مهندسو البترول
"Engineers, All Other",المهندسين ، جميع الآخرين
"Drafters, Engineering Technicians, and Mapping Technicians",المصممون وفنيو الهندسة وفنيو رسم الخرائط
Drafters,الصائغون
Architectural and Civil Drafters,المصممون المعماريون والمدنيون
Electrical and Electronics Drafters,صانعي الكهرباء والإلكترونيات
Mechanical Drafters,الصياغة الميكانيكية
"Drafters, All Other",الصياغة ، جميع الآخرين
"Engineering Technologists and Technicians, Except Drafters",تقنيو وفنيو الهندسة ، باستثناء المحررون
Aerospace Engineering and Operations Technologists and Technicians,تقنيو وتقنيو هندسة الطيران والعمليات
Civil Engineering Technologists and Technicians,تقنيو وفنيو الهندسة المدنية
Electrical and Electronic Engineering Technologists and Technicians,تقنيو وفنيو الهندسة الكهربائية والإلكترونية
Electro-Mechanical and Mechatronics Technologists and Technicians,تقنيون وفنيون كهروميكانيكي وميكاترونكس
Environmental Engineering Technologists and Technicians,تقنيو وفنيو الهندسة البيئية
Industrial Engineering Technologists and Technicians,تقنيو وفنيو الهندسة الصناعية
Mechanical Engineering Technologists and Technicians,تقنيو وفنيو الهندسة الميكانيكية
Calibration Technologists and Technicians,تقنيو وفنيو المعايرة
"Engineering Technologists and Technicians, Except Drafters, All Other",تقنيو وفنيو الهندسة ، باستثناء المحررون ، جميعًا
Surveying and Mapping Technicians,فنيو المسح ورسم الخرائط
"Life, Physical, and Social Science Occupations",مهن الحياة والعلوم الفيزيائية والاجتماعية
Life Scientists,علماء الحياة
Agricultural and Food Scientists,علماء الزراعة والغذاء
Animal Scientists,علماء الحيوان
Food Scientists and Technologists,علماء الأغذية والتقنيون
Soil and Plant Scientists,علماء التربة والنبات
Biological Scientists,علماء الأحياء
Biochemists and Biophysicists,علماء الكيمياء الحيوية والفيزياء الحيوية
Microbiologists,علماء الأحياء الدقيقة
Zoologists and Wildlife Biologists,علماء الحيوان وعلماء الأحياء البرية
"Biological Scientists, All Other",علماء الأحياء ، كل الآخرين
Conservation Scientists and Foresters,علماء الحفظ والغابات
Conservation Scientists,علماء الحفظ
Foresters,الغابات
Medical Scientists,علماء الطب
Epidemiologists,علماء الأوبئة
"Medical Scientists, Except Epidemiologists",علماء الطب ، باستثناء علماء الأوبئة
"Life Scientists, All Other",علماء الحياة ، كل الآخرين
Physical Scientists,علماء الفيزياء
Astronomers and Physicists,علماء الفلك والفيزياء
Astronomers,علماء الفلك
Physicists,فيزيائيون
Atmospheric and Space Scientists,علماء الغلاف الجوي والفضاء
Chemists and Materials Scientists,الكيميائيين وعلماء المواد
Chemists,الكيميائيين
Materials Scientists,علماء المواد
Environmental Scientists and Geoscientists,علماء البيئة وعلماء الجيولوجيا
"Environmental Scientists and Specialists, Including Health",علماء البيئة والمتخصصون ، بما في ذلك الصحة
"Geoscientists, Except Hydrologists and Geographers",علماء الجيولوجيا ، باستثناء علماء المياه والجغرافيين
Hydrologists,علماء الهيدرولوجيا
"Physical Scientists, All Other",علماء الفيزياء ، كل الآخرين
Social Scientists and Related Workers,علماء الاجتماع والعاملين المرتبطين
Economists,اقتصاديون
Survey Researchers,باحثو المسح
Psychologists,علماء النفس
Industrial-Organizational Psychologists,علماء النفس الصناعي والتنظيمي
Clinical and Counseling Psychologists,الأخصائيين النفسيين العياديين والاستشاريين
School Psychologists,علماء النفس في المدرسة
"Psychologists, All Other",علماء النفس ، كل الآخرين
Sociologists,علماء الاجتماع
Urban and Regional Planners,المخططين الحضريين والإقليميين
Miscellaneous Social Scientists and Related Workers,علماء الاجتماع المتنوعون والعمال المرتبطون
Anthropologists and Archeologists,علماء الأنثروبولوجيا وعلماء الآثار
Geographers,الجغرافيون
Historians,المؤرخون
Political Scientists,علماء السياسة
"Social Scientists and Related Workers, All Other",علماء الاجتماع والعاملين المرتبطين بهم ، جميع الآخرين
"Life, Physical, and Social Science Technicians",فنيو العلوم الحياتية والفيزيائية والاجتماعية
Agricultural and Food Science Technicians,فنيو الزراعة والأغذية
Agricultural Technicians,فنيون زراعيون
Food Science Technicians,فنيو علوم الغذاء
Biological Technicians,تقنيون بيولوجيون
Chemical Technicians,فنيين كيميائيين
Environmental Science and Geoscience Technicians,فنيو علوم البيئة وعلوم الأرض
"Environmental Science and Protection Technicians, Including Health",فنيو علوم وحماية البيئة ، بما في ذلك الصحة
"Geological Technicians, Except Hydrologic Technicians",الفنيين الجيولوجيين باستثناء الفنيين الهيدرولوجيين
Hydrologic Technicians,فنيو الهيدرولوجيا
Nuclear Technicians,فنيون نوويون
Social Science Research Assistants,مساعدو أبحاث العلوم الاجتماعية
Forest and Conservation Technicians,فنيو الغابات والحفظ
"Miscellaneous Life, Physical, and Social Science Technicians",فنيو الحياة المتنوعة والفيزيائية والاجتماعية
Forensic Science Technicians,فنيو علوم الطب الشرعي
"Life, Physical, and Social Science Technicians, All Other",تقنيو العلوم الحياتية والفيزيائية والاجتماعية ، جميعًا
Occupational Health and Safety Specialists and Technicians,أخصائيو وفنيو الصحة والسلامة المهنية
Occupational Health and Safety Specialists,أخصائيو الصحة والسلامة المهنية
Occupational Health and Safety Technicians,فنيو الصحة والسلامة المهنية
Community and Social Service Occupations,المجتمع ومهن الخدمة الاجتماعية
"Counselors, Social Workers, and Other Community and Social Service Specialists",المستشارون والأخصائيون الاجتماعيون وغيرهم من أخصائيي الخدمة الاجتماعية والمجتمعية
Counselors,المستشارون
"Educational, Guidance, and Career Counselors and Advisors",المستشارون والمستشارون التربويون والتوجيه والوظيفي
Marriage and Family Therapists,معالجو الزواج والأسرة
Rehabilitation Counselors,مستشاري إعادة التأهيل
"Substance Abuse, Behavioral Disorder, and Mental Health Counselors",تعاطي المخدرات والاضطراب السلوكي ومستشاري الصحة العقلية
"Counselors, All Other",المستشارون ، كل الآخرين
Social Workers,الأخصائيون الاجتماعيون
"Child, Family, and School Social Workers",العاملون الاجتماعيون في مجال الأطفال والأسرة والمدرسة
Healthcare Social Workers,العاملون الاجتماعيون في مجال الرعاية الصحية
Mental Health and Substance Abuse Social Workers,الأخصائيين الاجتماعيين في مجال الصحة العقلية وتعاطي المخدرات
"Social Workers, All Other",الأخصائيون الاجتماعيون ، جميعًا
Miscellaneous Community and Social Service Specialists,أخصائيو المجتمع والخدمات الاجتماعية المتنوعة
Health Education Specialists,أخصائيو التثقيف الصحي
Probation Officers and Correctional Treatment Specialists,ضباط المراقبة وأخصائيي العلاج الإصلاحي
Social and Human Service Assistants,مساعدو الخدمات الاجتماعية والإنسانية
Community Health Workers,عمال صحة المجتمع
"Community and Social Service Specialists, All Other",أخصائيو المجتمع والخدمة الاجتماعية ، كل الآخرين
Religious Workers,عمال دينيون
Clergy,رجال الدين
"Directors, Religious Activities and Education",مديرو الأنشطة الدينية والتعليم
"Religious Workers, All Other",العمّال الدينيون ، جميعًا
Legal Occupations,المهن القانونية
"Lawyers, Judges, and Related Workers",محامون وقضاة وعمال مرتبطون
Lawyers and Judicial Law Clerks,المحامون وكتبة القانون القضائي
Lawyers,محامون
Judicial Law Clerks,كتبة القانون القضائي
"Judges, Magistrates, and Other Judicial Workers",القضاة وقضاة الصلح وغيرهم من العاملين في القضاء
"Administrative Law Judges, Adjudicators, and Hearing Officers",قضاة القانون الإداري ، والحكام ، ومسؤولو الاستماع
"Arbitrators, Mediators, and Conciliators",المحكمون والوسطاء والموفقون
"Judges, Magistrate Judges, and Magistrates",القضاة ، قضاة الصلح ، وقضاة الصلح
Legal Support Workers,عمال الدعم القانوني
Paralegals and Legal Assistants,المساعدين القانونيين والمساعدين القانونيين
Miscellaneous Legal Support Workers,عمال الدعم القانوني المتنوعون
"Title Examiners, Abstractors, and Searchers",فاحصو العنوان والمستخلصون والباحثون
"Legal Support Workers, All Other",عمال الدعم القانوني ، جميع الآخرين
Educational Instruction and Library Occupations,التدريس التربوي والمهن المكتبية
Postsecondary Teachers,المعلمين بعد المرحلة الثانوية
"Business Teachers, Postsecondary",معلمو الأعمال ، ما بعد المرحلة الثانوية
"Math and Computer Science Teachers, Postsecondary",مدرسو الرياضيات وعلوم الكمبيوتر ، مرحلة ما بعد المرحلة الثانوية
"Computer Science Teachers, Postsecondary",مدرسو علوم الكمبيوتر ، مرحلة ما بعد المرحلة الثانوية
"Mathematical Science Teachers, Postsecondary",مدرسو العلوم الرياضية ، مرحلة ما بعد المرحلة الثانوية
"Engineering and Architecture Teachers, Postsecondary",مدرسو الهندسة والعمارة ، مرحلة ما بعد المرحلة الثانوية
"Architecture Teachers, Postsecondary",مدرسو العمارة ، مرحلة ما بعد المرحلة الثانوية
"Engineering Teachers, Postsecondary",مدرسو الهندسة ، مرحلة ما بعد المرحلة الثانوية
"Life Sciences Teachers, Postsecondary",مدرسو علوم الحياة ، مرحلة ما بعد المرحلة الثانوية
"Agricultural Sciences Teachers, Postsecondary",مدرسو العلوم الزراعية ، مرحلة ما بعد المرحلة الثانوية
"Biological Science Teachers, Postsecondary",مدرسو العلوم البيولوجية ، مرحلة ما بعد المرحلة الثانوية
"Forestry and Conservation Science Teachers, Postsecondary",مدرسو علوم الغابات والحفظ ، ما بعد المرحلة الثانوية
"Physical Sciences Teachers, Postsecondary",مدرسو العلوم الفيزيائية ، ما بعد المرحلة الثانوية
"Atmospheric, Earth, Marine, and Space Sciences Teachers, Postsecondary",مدرسو علوم الغلاف الجوي والأرض والبحار والفضاء ، ما بعد المرحلة الثانوية
"Chemistry Teachers, Postsecondary",مدرسو الكيمياء ، مرحلة ما بعد المرحلة الثانوية
"Environmental Science Teachers, Postsecondary",مدرسو العلوم البيئية ، ما بعد المرحلة الثانوية
"Physics Teachers, Postsecondary",مدرسو الفيزياء ، مرحلة ما بعد المرحلة الثانوية
"Social Sciences Teachers, Postsecondary",مدرسو العلوم الاجتماعية ، مرحلة ما بعد المرحلة الثانوية
"Anthropology and Archeology Teachers, Postsecondary",مدرسو الأنثروبولوجيا والآثار ، ما بعد المرحلة الثانوية
"Area, Ethnic, and Cultural Studies Teachers, Postsecondary",مدرسو دراسات المنطقة والعرق والثقافة ، ما بعد المرحلة الثانوية
"Economics Teachers, Postsecondary",مدرسو الاقتصاد ، مرحلة ما بعد المرحلة الثانوية
"Geography Teachers, Postsecondary",مدرسو الجغرافيا ، ما بعد المرحلة الثانوية
"Political Science Teachers, Postsecondary",مدرسو العلوم السياسية ، مرحلة ما بعد المرحلة الثانوية
"Psychology Teachers, Postsecondary",مدرسو علم النفس ، مرحلة ما بعد المرحلة الثانوية
"Sociology Teachers, Postsecondary",مدرسو علم الاجتماع ، مرحلة ما بعد المرحلة الثانوية
"Social Sciences Teachers, Postsecondary, All Other",مدرسو العلوم الاجتماعية ، ما بعد المرحلة الثانوية ، جميع الآخرين
"Health Teachers, Postsecondary",مدرسو الصحة ، مرحلة ما بعد المرحلة الثانوية
"Health Specialties Teachers, Postsecondary",مدرسو التخصصات الصحية ، مرحلة ما بعد المرحلة الثانوية
"Nursing Instructors and Teachers, Postsecondary",معلمو التمريض والمدرسون ، ما بعد المرحلة الثانوية
"Education and Library Science Teachers, Postsecondary",مدرسو التربية وعلوم المكتبات ، ما بعد المرحلة الثانوية
"Education Teachers, Postsecondary",مدرسو التربية والتعليم بعد المرحلة الثانوية
"Library Science Teachers, Postsecondary",مدرسو علوم المكتبات ، مرحلة ما بعد المرحلة الثانوية
"Law, Criminal Justice, and Social Work Teachers, Postsecondary",مدرسو القانون والعدالة الجنائية والخدمة الاجتماعية ، ما بعد المرحلة الثانوية
"Criminal Justice and Law Enforcement Teachers, Postsecondary",مدرسو العدالة الجنائية وإنفاذ القانون ، ما بعد المرحلة الثانوية
"Law Teachers, Postsecondary",مدرسو القانون ، ما بعد المرحلة الثانوية
"Social Work Teachers, Postsecondary",مدرسو العمل الاجتماعي ، ما بعد المرحلة الثانوية
"Arts, Communications, History, and Humanities Teachers, Postsecondary",مدرسو الفنون والاتصالات والتاريخ والعلوم الإنسانية ، ما بعد المرحلة الثانوية
"Art, Drama, and Music Teachers, Postsecondary",مدرسو الفنون والدراما والموسيقى ، ما بعد المرحلة الثانوية
"Communications Teachers, Postsecondary",مدرسو الاتصالات ، ما بعد المرحلة الثانوية
"English Language and Literature Teachers, Postsecondary",مدرسو اللغة الإنجليزية وآدابها ، ما بعد المرحلة الثانوية
"Foreign Language and Literature Teachers, Postsecondary",مدرسو اللغات الأجنبية وآدابها ، ما بعد المرحلة الثانوية
"History Teachers, Postsecondary",معلمو التاريخ ، ما بعد المرحلة الثانوية
"Philosophy and Religion Teachers, Postsecondary",معلمو الفلسفة والدين ، ما بعد المرحلة الثانوية
Miscellaneous Postsecondary Teachers,مدرسو ما بعد المرحلة الثانوية المتنوعة
"Family and Consumer Sciences Teachers, Postsecondary",مدرسو علوم الأسرة والمستهلكين ، ما بعد المرحلة الثانوية
"Recreation and Fitness Studies Teachers, Postsecondary",مدرسو دراسات الترفيه واللياقة ، ما بعد المرحلة الثانوية
"Career/Technical Education Teachers, Postsecondary",مدرسو التعليم المهني / الفني ، ما بعد المرحلة الثانوية
"Postsecondary Teachers, All Other",معلمو ما بعد المرحلة الثانوية ، جميع الآخرين
"Preschool, Elementary, Middle, Secondary, and Special Education Teachers",معلمي مرحلة ما قبل المدرسة والابتدائي والمتوسط والثانوي والخاص
Preschool and Kindergarten Teachers,معلمو الحضانة ورياض الأطفال
"Preschool Teachers, Except Special Education",معلمو ما قبل المدرسة ، باستثناء التربية الخاصة
"Kindergarten Teachers, Except Special Education",معلمات رياض الأطفال ، باستثناء التربية الخاصة
Elementary and Middle School Teachers,معلمو المدارس الابتدائية والمتوسطة
"Elementary School Teachers, Except Special Education",معلمو المدارس الابتدائية ، باستثناء التربية الخاصة
"Middle School Teachers, Except Special and Career/Technical Education",معلمو المدارس المتوسطة ، باستثناء التعليم الخاص والمهني / الفني
"Career/Technical Education Teachers, Middle School",مدرسو التعليم المهني / الفني ، المدرسة المتوسطة
Secondary School Teachers,معلمو المدارس الثانوية
"Secondary School Teachers, Except Special and Career/Technical Education",معلمو المدارس الثانوية ، باستثناء التعليم الخاص والمهني / الفني
"Career/Technical Education Teachers, Secondary School",مدرسو التعليم المهني / الفني ، المدرسة الثانوية
Special Education Teachers,معلمو التربية الخاصة
"Special Education Teachers, Preschool",معلمو التربية الخاصة ، مرحلة ما قبل المدرسة
"Special Education Teachers, Kindergarten and Elementary School",معلمو التربية الخاصة ، رياض الأطفال والمدرسة الابتدائية
"Special Education Teachers, Middle School",مدرسو التربية الخاصة ، المدرسة المتوسطة
"Special Education Teachers, Secondary School",مدرسو التربية الخاصة ، المدرسة الثانوية
"Special Education Teachers, All Other",معلمو التربية الخاصة ، كل الآخرين
Other Teachers and Instructors,مدرسون ومدربون آخرون
"Adult Basic Education, Adult Secondary Education, and English as a Second Language Instructors",التعليم الأساسي للكبار ، والتعليم الثانوي للكبار ، واللغة الإنجليزية كلغة ثانية
Self-Enrichment Teachers,معلمو الإثراء الذاتي
"Substitute Teachers, Short-Term",مدرسين بديلين ، قصير المدى
Tutors,مدرسون
"Teachers and Instructors, All Other",المعلمين والمعلمين ، كل الآخرين
"Librarians, Curators, and Archivists",أمناء المكتبات والقيمون والمحفوظات
"Archivists, Curators, and Museum Technicians",المحفوظات والقيمون الفنيون وفنيو المتاحف
Archivists,المحفوظات
Curators,القيمون
Museum Technicians and Conservators,فنيو المتاحف والمحافظون
Librarians and Media Collections Specialists,أمناء المكتبات وأخصائيي المجموعات الإعلامية
Library Technicians,فنيو المكتبات
Other Educational Instruction and Library Occupations,مهن التعليم والمكتبة التربوية الأخرى
Farm and Home Management Educators,معلمو إدارة المزرعة والمنزل
Instructional Coordinators,منسقي التدريس
Teaching Assistants,مساعدو التدريس
"Teaching Assistants, Postsecondary",مساعدي التدريس ، ما بعد المرحلة الثانوية
"Teaching Assistants, Except Postsecondary",مساعدي التدريس ، باستثناء ما بعد المرحلة الثانوية
"Educational Instruction and Library Workers, All Other",العاملون في التدريس والمكتبات التربويون ، جميعهم
"Arts, Design, Entertainment, Sports, and Media Occupations",الفنون والتصميم والترفيه والرياضة والمهن الإعلامية
Art and Design Workers,عمال الفن والتصميم
Artists and Related Workers,الفنانون والعمال المرتبطون
Art Directors,مديرو الفن
Craft Artists,الفنانين الحرفيين
"Fine Artists, Including Painters, Sculptors, and Illustrators",الفنانين التشكيليين ، بما في ذلك الرسامين والنحاتين والرسامين
Special Effects Artists and Animators,المؤثرات الخاصة للفنانين ورسامي الرسوم المتحركة
"Artists and Related Workers, All Other",الفنانون والعمال المرتبطون بهم ، جميعًا
Designers,المصممين
Commercial and Industrial Designers,المصممين التجاريين والصناعيين
Fashion Designers,مصممو أزياء
Floral Designers,مصممي الزهور
Graphic Designers,مصممي الجرافيك
Interior Designers,مصممي الديكور الداخلي
Merchandise Displayers and Window Trimmers,أجهزة عرض البضائع والنوافذ قادين
Set and Exhibit Designers,تعيين وعرض المصممين
"Designers, All Other",المصممين الآخرين
"Entertainers and Performers, Sports and Related Workers",الفنانون والفنانين والرياضيين والعاملين المرتبطين بها
"Actors, Producers, and Directors",الممثلون والمنتجون والمخرجون
Actors,ممثلين
Producers and Directors,المنتجون والمخرجون
"Athletes, Coaches, Umpires, and Related Workers",الرياضيون والمدربون والحكام والعمال المرتبطون
Athletes and Sports Competitors,الرياضيون والمنافسون الرياضيون
Coaches and Scouts,المدربين والكشافة
"Umpires, Referees, and Other Sports Officials",الحكام والحكام والمسؤولون الرياضيون الآخرون
Dancers and Choreographers,الراقصين ومصممي الرقصات
Dancers,الراقصات
Choreographers,مصممي الرقصات
"Musicians, Singers, and Related Workers",الموسيقيون والمغنون والعمال المرتبطون
Music Directors and Composers,مديري الموسيقى والملحنين
Musicians and Singers,الموسيقيون والمغنون
"Miscellaneous Entertainers and Performers, Sports and Related Workers",فنانون وفنانيون متنوعون ، وعمال رياضيون وعمال ذوو صلة
"Disc Jockeys, Except Radio",ديسك جوكي ماعدا الراديو
"Entertainers and Performers, Sports and Related Workers, All Other",الفنانون والفنانين ، والرياضيين والعاملين المرتبطين بها ، جميعًا
Media and Communication Workers,عمال الإعلام والاتصال
Broadcast Announcers and Radio Disc Jockeys,المذيعون الإذاعيون وفرسان أقراص الراديو
"News Analysts, Reporters, and Journalists",محللو الأخبار والمراسلون والصحفيون
Public Relations Specialists,أخصائيو العلاقات العامة
Writers and Editors,الكتاب والمحررين
Editors,المحررين
Technical Writers,الكتاب التقنيين
Writers and Authors,الكتاب والمؤلفين
Miscellaneous Media and Communication Workers,العاملون في وسائل الإعلام والاتصال المتنوعة
Interpreters and Translators,المترجمون الفوريون والتحريريون
Court Reporters and Simultaneous Captioners,مراسلو المحكمة والمعلقون المتزامنون
"Media and Communication Workers, All Other",العاملون في مجال الإعلام والاتصال ، جميعًا
Media and Communication Equipment Workers,عمال وسائل الإعلام وأجهزة الاتصال
"Broadcast, Sound, and Lighting Technicians",فنيو البث والصوت والإضاءة
Audio and Video Technicians,فنيو الصوت والفيديو
Broadcast Technicians,فنيو البث
Sound Engineering Technicians,فنيو هندسة الصوت
Lighting Technicians,فنيو الإضاءة
Photographers,المصورين
"Television, Video, and Film Camera Operators and Editors",مشغلي ومحرري التلفزيون والفيديو والسينما
"Camera Operators, Television, Video, and Film",مشغلي الكاميرات والتلفزيون والفيديو والأفلام
Film and Video Editors,محررو الأفلام والفيديو
"Media and Communication Equipment Workers, All Other",العاملون في وسائل الإعلام وأجهزة الاتصال ، جميعًا
Healthcare Practitioners and Technical Occupations,ممارسو الرعاية الصحية والمهن الفنية
Healthcare Diagnosing or Treating Practitioners,تشخيص أو علاج الممارسين الصحيين
Chiropractors,مقومين العظام
Dentists,أطباء الأسنان
"Dentists, General",أطباء الأسنان ، عام
Oral and Maxillofacial Surgeons,جراحو الفم والوجه والفكين
Orthodontists,تقويم الأسنان
Prosthodontists,التركيبات السنية
"Dentists, All Other Specialists",أطباء الأسنان ، جميع الأخصائيين الآخرين
Dietitians and Nutritionists,أخصائيو التغذية وأخصائيو التغذية
Optometrists,فاحصي النظر
Pharmacists,الصيادلة
Physician Assistants,مساعد طبيب
Podiatrists,أطباء القدم
Therapists,المعالجون
Occupational Therapists,العلاج الوظيفي
Physical Therapists,العلاج الطبيعي
Radiation Therapists,المعالجون بالإشعاع
Recreational Therapists,المعالجون الترفيهيون
Respiratory Therapists,معالجو الجهاز التنفسي
Speech-Language Pathologists,أخصائيو أمراض النطق واللغة
Exercise Physiologists,تمرين الفيزيولوجيا
"Therapists, All Other",المعالجون ، كل الآخرين
Veterinarians,أطباء بيطريون
Registered Nurses,الممرضات المسجلات
Nurse Anesthetists,ممرضة التخدير
Nurse Midwives,القابلات الممرضات
Nurse Practitioners,ممرضه متمرسة
Audiologists,أخصائيو السمع
Physicians,الأطباء
Anesthesiologists,أطباء التخدير
Cardiologists,أطباء القلب
Dermatologists,أطباء الجلدية
Emergency Medicine Physicians,أطباء طب الطوارئ
Family Medicine Physicians,أطباء طب الأسرة
General Internal Medicine Physicians,أطباء الطب الباطني العام
Neurologists,أطباء الأعصاب
Obstetricians and Gynecologists,أطباء النساء والتوليد
"Pediatricians, General",أطباء الأطفال ، عامة
"Physicians, Pathologists",الأطباء وعلماء الأمراض
Psychiatrists,الأطباء النفسيين
Radiologists,أخصائيو الأشعة
"Physicians, All Other",جميع الأطباء
Surgeons,الجراحون
"Ophthalmologists, Except Pediatric",اطباء العيون ماعدا الاطفال
"Orthopedic Surgeons, Except Pediatric",جراحو العظام باستثناء الأطفال
Pediatric Surgeons,جراحو الأطفال
"Surgeons, All Other",الجراحون ، كل الآخرين
Miscellaneous Healthcare Diagnosing or Treating Practitioners,الرعاية الصحية المتنوعة لتشخيص أو علاج الممارسين
Acupuncturists,أخصائيو الوخز بالإبر
Dental Hygienists,أخصائيو صحة الأسنان
"Healthcare Diagnosing or Treating Practitioners, All Other",ممارسو الرعاية الصحية تشخيص أو علاج ، كل ما عدا ذلك
Health Technologists and Technicians,تقنيو وفنيو الصحة
Clinical Laboratory Technologists and Technicians,تقنيو وفنيو المختبرات الطبية
Diagnostic Related Technologists and Technicians,تقنيو وفنيو التشخيص ذات الصلة
Cardiovascular Technologists and Technicians,تقنيو وتقنيو القلب والأوعية الدموية
Diagnostic Medical Sonographers,أخصائيو تخطيط الصدى التشخيصي الطبي
Nuclear Medicine Technologists,تقنيو الطب النووي
Radiologic Technologists and Technicians,تقنيو وفنيو الأشعة
Magnetic Resonance Imaging Technologists,تقنيو التصوير بالرنين المغناطيسي
Medical Dosimetrists,أجهزة قياس الجرعات الطبية
Emergency Medical Technicians and Paramedics,فنيو الطوارئ الطبية والمسعفون
Emergency Medical Technicians,فنيو طب الطوارئ
Paramedics,المسعفون
Health Practitioner Support Technologists and Technicians,تقنيو وفنيو دعم الممارس الصحي
Dietetic Technicians,فنيو الحمية
Pharmacy Technicians,فنيو الصيدلة
Psychiatric Technicians,فنيو الطب النفسي
Surgical Technologists,تقنيو الجراحة
Veterinary Technologists and Technicians,تقنيون وفنيون بيطريون
Ophthalmic Medical Technicians,فنيو طب العيون
Licensed Practical and Licensed Vocational Nurses,الممرضات العملية والمرخصة المهنية
Medical Records Specialists,أخصائيو السجلات الطبية
"Opticians, Dispensing",اخصائيو البصريات ، الاستغناء
Miscellaneous Health Technologists and Technicians,تقنيو وفنيو الصحة المتنوعون
Orthotists and Prosthetists,أخصائيو تقويم العظام والأطراف الاصطناعية
Hearing Aid Specialists,أخصائيو السمع
"Health Technologists and Technicians, All Other",تقنيو وفنيو الصحة ، جميعًا
Other Healthcare Practitioners and Technical Occupations,ممارسو الرعاية الصحية والمهن الفنية الأخرى
Health Information Technologists and Medical Registrars,تقنيي المعلومات الصحية والمسجلين الطبيين
Miscellaneous Health Practitioners and Technical Workers,الممارسون الصحيون المتنوعون والعمال الفنيون
Athletic Trainers,المدربين الرياضيين
Genetic Counselors,المستشارون الوراثيون
Surgical Assistants,مساعدين جراحيين
"Healthcare Practitioners and Technical Workers, All Other",ممارسو الرعاية الصحية والعاملون الفنيون ، جميعًا
Healthcare Support Occupations,مهن دعم الرعاية الصحية
"Home Health and Personal Care Aides; and Nursing Assistants, Orderlies, and Psychiatric Aides",مساعدو الصحة المنزلية والعناية الشخصية ؛ ومساعدو التمريض والمساعدون والمساعدون النفسيون
Home Health and Personal Care Aides,مساعدي الصحة المنزلية والعناية الشخصية
"Nursing Assistants, Orderlies, and Psychiatric Aides",مساعدو التمريض والمساعدون والمساعدون النفسيون
Nursing Assistants,مساعدي التمريض
Orderlies,المنظمون
Psychiatric Aides,مساعدون نفسانيون
Occupational Therapy and Physical Therapist Assistants and Aides,مساعدو العلاج الوظيفي والمعالج الفيزيائي ومساعديهم
Occupational Therapy Assistants and Aides,مساعدو العلاج الوظيفي ومساعديهم
Occupational Therapy Assistants,مساعدو علاج وظيفي
Occupational Therapy Aides,مساعدي العلاج المهني
Physical Therapist Assistants and Aides,مساعدي ومساعدي المعالج الفيزيائي
Physical Therapist Assistants,مساعدي معالج فيزيائي
Physical Therapist Aides,مساعدي المعالج الفيزيائي
Other Healthcare Support Occupations,مهن أخرى لدعم الرعاية الصحية
Massage Therapists,المعالجون بالتدليك
Miscellaneous Healthcare Support Occupations,مهن دعم الرعاية الصحية المتنوعة
Dental Assistants,مساعدي طب الأسنان
Medical Assistants,مساعدين طبيين
Medical Equipment Preparers,محضرو المعدات الطبية
Medical Transcriptionists,الناسخون الطبيون
Pharmacy Aides,مساعدي الصيدلة
Veterinary Assistants and Laboratory Animal Caretakers,مساعدون بيطريون ومسؤولون عن رعاية حيوانات المختبر
Phlebotomists,الفصد
"Healthcare Support Workers, All Other",عمال دعم الرعاية الصحية ، جميع الآخرين
Protective Service Occupations,مهن الخدمة الوقائية
Supervisors of Protective Service Workers,المشرفون على عمال الخدمة الوقائية
First-Line Supervisors of Law Enforcement Workers,مشرفو الخط الأول على العاملين في مجال إنفاذ القانون
First-Line Supervisors of Correctional Officers,مشرفو الخط الأول من ضباط الإصلاحيات
First-Line Supervisors of Police and Detectives,مراقبو الخط الأول للشرطة والمباحث
First-Line Supervisors of Firefighting and Prevention Workers,مشرفو الخط الأول لعمال مكافحة الحرائق والوقاية
"Miscellaneous First-Line Supervisors, Protective Service Workers",مشرفو الخط الأول المتنوعون ، عمال الخدمة الوقائية
First-Line Supervisors of Security Workers,مشرفو الخط الأول لعمال الأمن
"First-Line Supervisors of Protective Service Workers, All Other",مشرفو الخط الأول لعمال الخدمة الوقائية ، جميعهم
Firefighting and Prevention Workers,عمال مكافحة الحرائق والوقاية
Firefighters,رجال الاطفاء
Fire Inspectors,مفتشو الحريق
Fire Inspectors and Investigators,مفتشو ومحققون حريق
Forest Fire Inspectors and Prevention Specialists,مفتشو حرائق الغابات واختصاصيو الوقاية
Law Enforcement Workers,عمال إنفاذ القانون
"Bailiffs, Correctional Officers, and Jailers",المحضرين وموظفي الإصلاحيات والسجانين
Bailiffs,المحضرين
Correctional Officers and Jailers,ضباط الإصلاحيات والسجانين
Detectives and Criminal Investigators,المباحث والمحققون الجنائيون
Fish and Game Wardens,حراس الأسماك والألعاب
Parking Enforcement Workers,عمال إنفاذ القانون
Police Officers,ضباط الشرطة
Police and Sheriff's Patrol Officers,ضباط دورية الشرطة والعمدة
Transit and Railroad Police,شرطة العبور والسكك الحديدية
Other Protective Service Workers,عمال الخدمة الوقائية الآخرون
Animal Control Workers,عمال مراقبة الحيوان
Private Detectives and Investigators,المحققون والمحققون الخاصون
Security Guards and Gambling Surveillance Officers,حراس الأمن وضباط مراقبة القمار
Gambling Surveillance Officers and Gambling Investigators,ضباط مراقبة القمار ومحققو القمار
Security Guards,حراس الأمن
Miscellaneous Protective Service Workers,عمال خدمات الحماية المتنوعة
Crossing Guards and Flaggers,حراس العبور والمخبرون
"Lifeguards, Ski Patrol, and Other Recreational Protective Service Workers",رجال الإنقاذ ودوريات التزلج وغيرهم من عمال خدمات الحماية الترفيهية
Transportation Security Screeners,أجهزة فحص أمن النقل
School Bus Monitors,شاشات حافلة المدرسة
"Protective Service Workers, All Other",عمال الخدمة الوقائية ، جميعهم
Food Preparation and Serving Related Occupations,تحضير الطعام وتقديمه للمهن ذات الصلة
Supervisors of Food Preparation and Serving Workers,المشرفون على تحضير الطعام وتقديمه للعاملين
Chefs and Head Cooks,طهاة ورؤساء طهاة
First-Line Supervisors of Food Preparation and Serving Workers,مشرفو الخط الأول على تحضير الطعام وعاملي الخدمة
Cooks and Food Preparation Workers,الطهاة وعمال تحضير الطعام
Cooks,طهاة
"Cooks, Fast Food",طهاة وجبات سريعة
"Cooks, Institution and Cafeteria",طهاة ومعهد وكافيتريا
"Cooks, Private Household",طهاة منزلية خاصة
"Cooks, Restaurant",طهاة ، مطعم
"Cooks, Short Order",طهاة ، طلب قصير
"Cooks, All Other",طهاة ، كل الآخرين
Food Preparation Workers,عمال تحضير الطعام
Food and Beverage Serving Workers,عمال تقديم الطعام والشراب
Bartenders,السقاة
Fast Food and Counter Workers,عمال الوجبات السريعة والعدادات
Waiters and Waitresses,النوادل والنادلات
"Food Servers, Nonrestaurant",خوادم طعام ، غير مطعم
Other Food Preparation and Serving Related Workers,تحضير الأطعمة الأخرى وخدمة العمال المرتبطين
Dining Room and Cafeteria Attendants and Bartender Helpers,حاضرون في غرفة الطعام والكافيتريا ومساعدي نادل
Dishwashers,غسالات الصحون
"Hosts and Hostesses, Restaurant, Lounge, and Coffee Shop",مضيفات ومضيفات ومطعم وصالة ومقهى
"Food Preparation and Serving Related Workers, All Other",تحضير الطعام وخدمة العاملين المرتبطين به ، جميعًا
Building and Grounds Cleaning and Maintenance Occupations,مهن تنظيف وصيانة المباني والأراضي
First-Line Supervisors of Building and Grounds Cleaning and Maintenance Workers,مشرفو الخط الأول لعمال تنظيف وصيانة المباني والأراضي
First-Line Supervisors of Housekeeping and Janitorial Workers,مشرفو الخط الأول لعمال التدبير المنزلي والنظافة
"First-Line Supervisors of Landscaping, Lawn Service, and Groundskeeping Workers",مشرفو الخط الأول للمناظر الطبيعية وخدمة الحديقة وعمال الحراسة الأرضية
Building Cleaning and Pest Control Workers,عمال تنظيف المباني ومكافحة الحشرات
Building Cleaning Workers,عمال تنظيف المباني
"Janitors and Cleaners, Except Maids and Housekeeping Cleaners",عمال النظافة باستثناء الخادمات وعمال النظافة
Maids and Housekeeping Cleaners,الخادمات وعمال النظافة
"Building Cleaning Workers, All Other",عمال تنظيف المباني ، جميع الآخرين
Pest Control Workers,عمال مكافحة الحشرات
Grounds Maintenance Workers,عمال صيانة الأرضيات
Landscaping and Groundskeeping Workers,عمال تنسيق الحدائق وحراسة الأرض
"Pesticide Handlers, Sprayers, and Applicators, Vegetation",مناولات المبيدات ، الرشاشات ، أدوات التطبيق ، النباتات
Tree Trimmers and Pruners,قادين الأشجار والمقصات
"Grounds Maintenance Workers, All Other",عمال صيانة الأرضيات ، جميعهم
Personal Care and Service Occupations,العناية الشخصية ومهن الخدمة
Supervisors of Personal Care and Service Workers,المشرفين على العناية الشخصية وعاملي الخدمة
First-Line Supervisors of Entertainment and Recreation Workers,مشرفو الخط الأول لعمال الترفيه والتسلية
First-Line Supervisors of Gambling Services Workers,مشرفو الخط الأول لعمال خدمات القمار
"First-Line Supervisors of Entertainment and Recreation Workers, Except Gambling Services",مشرفو الخط الأول لعمال الترفيه والاستجمام ، باستثناء خدمات القمار
First-Line Supervisors of Personal Service Workers,مشرفو الخط الأول لعمال الخدمة الشخصية
Animal Care and Service Workers,عمال رعاية الحيوان والخدمة
Animal Trainers,مدربي الحيوانات
Animal Caretakers,القائمين على رعاية الحيوانات
Entertainment Attendants and Related Workers,مضيفات الترفيه والعاملين المرتبطين به
Gambling Services Workers,عمال خدمات القمار
Gambling Dealers,تجار القمار
Gambling and Sports Book Writers and Runners,كتاب القمار والرياضة وكتاب العدائين
"Gambling Service Workers, All Other",عمال خدمة القمار ، جميعًا
Motion Picture Projectionists,عارضات عرض الصور المتحركة
"Ushers, Lobby Attendants, and Ticket Takers",المرشدون ومراقبو اللوبي وحاصلو التذاكر
Miscellaneous Entertainment Attendants and Related Workers,مرافقون ترفيه متنوعون وعمال مرتبطون
Amusement and Recreation Attendants,مرافق التسلية والترفيه
Costume Attendants,الحضور زي
"Locker Room, Coatroom, and Dressing Room Attendants",غرفة خلع الملابس ، غرفة المعاطف ، ومرافقي غرفة الملابس
"Entertainment Attendants and Related Workers, All Other",العاملون في مجال الترفيه والعاملين المرتبطين بهم ، جميعًا
Funeral Service Workers,عمال خدمة الجنازة
Embalmers and Crematory Operators,المحنطون ومشغلو محارق الجثث
Embalmers,المحنطون
Crematory Operators,مشغلي محارق الجثث
Funeral Attendants,الحضور الجنازة
"Morticians, Undertakers, and Funeral Arrangers",جنازات الموتى ، متعهدو دفن الموتى ، ومنظمو الجنازات
Personal Appearance Workers,عمال المظهر الشخصي
"Barbers, Hairdressers, Hairstylists and Cosmetologists",الحلاقون ومصففو الشعر ومصففو الشعر وخبراء التجميل
Barbers,الحلاقون
"Hairdressers, Hairstylists, and Cosmetologists",مصففي الشعر ومصففي الشعر وخبراء التجميل
Miscellaneous Personal Appearance Workers,عمال المظهر الشخصي المتنوعون
"Makeup Artists, Theatrical and Performance",خبراء التجميل والمسرحيات والأداء
Manicurists and Pedicurists,أخصائيو تجميل الأظافر والأظافر
Shampooers,الشامبو
Skincare Specialists,أخصائيو العناية بالبشرة
"Baggage Porters, Bellhops, and Concierges",حمالو الأمتعة ، بيلهوبس ، وبوابون
Baggage Porters and Bellhops,حمالو الأمتعة وبيلهوبس
Concierges,عمال النظافة
Tour and Travel Guides,أدلة الرحلات والسفر
Other Personal Care and Service Workers,عمال العناية الشخصية والخدمة الآخرين
Childcare Workers,عمال رعاية الأطفال
Recreation and Fitness Workers,عمال الاستجمام واللياقة البدنية
Exercise Trainers and Group Fitness Instructors,مدربي التمرين ومدربي اللياقة البدنية الجماعية
Recreation Workers,عمال الاستجمام
Residential Advisors,مستشارون سكني
"Personal Care and Service Workers, All Other",العاملون في العناية الشخصية والخدمة ، جميعًا
Sales and Related Occupations,المبيعات والمهن ذات الصلة
First-Line Supervisors of Sales Workers,مشرفو الخط الأول لعمال المبيعات
First-Line Supervisors of Retail Sales Workers,مشرفو الخط الأول لعمال مبيعات التجزئة
First-Line Supervisors of Non-Retail Sales Workers,مشرفو الخط الأول لعمال المبيعات غير بالتجزئة
Retail Sales Workers,عمال مبيعات التجزئة
Cashiers,الصرافين
Cashiers,الصرافين
Gambling Change Persons and Booth Cashiers,المقامرة تغيير الأشخاص وأكشاك الصرف
Counter and Rental Clerks and Parts Salespersons,كتبة العداد والتأجير ومندوبو مبيعات قطع الغيار
Counter and Rental Clerks,كتبة عداد وتاجير
Parts Salespersons,بائعي قطع الغيار
Retail Salespersons,مندوبي مبيعات التجزئة
"Sales Representatives, Services",مندوبي المبيعات والخدمات
Advertising Sales Agents,وكلاء مبيعات الإعلانات
Insurance Sales Agents,وكلاء مبيعات التأمين
"Securities, Commodities, and Financial Services Sales Agents",وكلاء مبيعات الأوراق المالية والسلع والخدمات المالية
Travel Agents,وكلاء السفر
"Sales Representatives of Services, Except Advertising, Insurance, Financial Services, and Travel",مندوبي مبيعات الخدمات ، باستثناء الإعلانات والتأمين والخدمات المالية والسفر
"Sales Representatives, Wholesale and Manufacturing",مندوبي المبيعات والبيع بالجملة والتصنيع
"Sales Representatives, Wholesale and Manufacturing, Technical and Scientific Products",مندوبي المبيعات ، البيع بالجملة والتصنيع ، المنتجات التقنية والعلمية
"Sales Representatives, Wholesale and Manufacturing, Except Technical and Scientific Products",مندوبي المبيعات ، البيع بالجملة والتصنيع ، باستثناء المنتجات التقنية والعلمية
Other Sales and Related Workers,عمال المبيعات والعاملون المرتبطون بها
"Models, Demonstrators, and Product Promoters",النماذج والمتظاهرون ومروجو المنتجات
Demonstrators and Product Promoters,المتظاهرون ومروجو المنتجات
Models,عارضات ازياء
Real Estate Brokers and Sales Agents,سماسرة العقارات ووكلاء المبيعات
Real Estate Brokers,سماسرة العقارات
Real Estate Sales Agents,وكلاء مبيعات العقارات
Sales Engineers,مهندسو المبيعات
Telemarketers,المسوقين عبر الهاتف
Miscellaneous Sales and Related Workers,المبيعات المتنوعة والعاملين المرتبطين بها
"Door-to-Door Sales Workers, News and Street Vendors, and Related Workers",عمال المبيعات من الباب إلى الباب والأخبار والباعة المتجولون والعمال المرتبطون
"Sales and Related Workers, All Other",عمال المبيعات والعاملين المرتبطين بها ، جميعًا
Office and Administrative Support Occupations,الوظائف المكتبية والإدارية
First-Line Supervisors of Office and Administrative Support Workers,مشرفو الخط الأول لعمال الدعم المكتبي والإداري
Communications Equipment Operators,مشغلي أجهزة الاتصالات
"Switchboard Operators, Including Answering Service",مشغلي لوحة التبديل ، بما في ذلك خدمة الرد
Telephone Operators,مشغلي الهاتف
"Communications Equipment Operators, All Other",مشغلي معدات الاتصالات ، جميع الآخرين
Financial Clerks,كتبة المالية
Bill and Account Collectors,جامعي الفواتير والحسابات
Billing and Posting Clerks,كتبة الفواتير والترحيل
"Bookkeeping, Accounting, and Auditing Clerks",مسك الدفاتر والمحاسبة والمراجعة
Gambling Cage Workers,عمال قفص القمار
Payroll and Timekeeping Clerks,كتبة الرواتب وضبط الوقت
Procurement Clerks,كتبة المشتريات
Tellers,رواة
"Financial Clerks, All Other",الكتبة المالية ، جميع الآخرين
Information and Record Clerks,كتبة المعلومات والسجلات
Brokerage Clerks,كتبة الوساطة
Correspondence Clerks,كتبة المراسلات
"Court, Municipal, and License Clerks",كتبة المحاكم والبلديات والتراخيص
"Credit Authorizers, Checkers, and Clerks",مفوضو الائتمان والمدققون والموظفون
Customer Service Representatives,ممثلي خدمة العملاء
"Eligibility Interviewers, Government Programs",الباحثون الأهلية ، البرامج الحكومية
File Clerks,كتبة الملف
"Hotel, Motel, and Resort Desk Clerks",فندق ، موتيل ، وكتبة مكتب المنتجع
"Interviewers, Except Eligibility and Loan",الباحثون ، باستثناء الأهلية والقرض
"Library Assistants, Clerical",مساعدو مكتبة ، كتاب دينيون
Loan Interviewers and Clerks,المحاورين والكتبة القروض
New Accounts Clerks,كتبة حسابات جديدة
Order Clerks,كتبة الطلب
"Human Resources Assistants, Except Payroll and Timekeeping",مساعدي الموارد البشرية ، باستثناء كشوف المرتبات وضبط الوقت
Receptionists and Information Clerks,موظفو الاستقبال وكتبة المعلومات
Reservation and Transportation Ticket Agents and Travel Clerks,وكلاء الحجز والنقل وكتبة السفر
"Information and Record Clerks, All Other",كتبة المعلومات والسجلات ، جميع الآخرين
"Material Recording, Scheduling, Dispatching, and Distributing Workers",تسجيل المواد والجدولة وإرسال وتوزيع العمال
Cargo and Freight Agents,وكلاء الشحن والشحن
Couriers and Messengers,السعاة والسعاة
Dispatchers,المرسلون
Public Safety Telecommunicators,اتصالات السلامة العامة عن بعد
"Dispatchers, Except Police, Fire, and Ambulance",المرسلون باستثناء الشرطة والإطفاء والإسعاف
"Meter Readers, Utilities",قارئات العدادات والمرافق
Postal Service Workers,عمال البريد
Postal Service Clerks,كتبة الخدمة البريدية
Postal Service Mail Carriers,حاملات بريد الخدمة البريدية
"Postal Service Mail Sorters, Processors, and Processing Machine Operators",مشغلي ماكينات الفرز والمعالجات وآلات المعالجة البريدية للخدمة البريدية
"Production, Planning, and Expediting Clerks",كتبة الإنتاج والتخطيط والتعجيل
"Shipping, Receiving, and Inventory Clerks",كتبة الشحن والاستلام والجرد
"Weighers, Measurers, Checkers, and Samplers, Recordkeeping",أجهزة قياس الوزن ، وأجهزة الداما ، وأجهزة أخذ العينات ، وحفظ السجلات
Secretaries and Administrative Assistants,الأمناء والمساعدون الإداريون
Executive Secretaries and Executive Administrative Assistants,الأمناء التنفيذيون والمساعدون الإداريون التنفيذيون
Legal Secretaries and Administrative Assistants,الأمناء القانونيون والمساعدون الإداريون
Medical Secretaries and Administrative Assistants,الأمناء الطبيون والمساعدون الإداريون
"Secretaries and Administrative Assistants, Except Legal, Medical, and Executive",الأمناء والمساعدون الإداريون ، باستثناء القانونيين والطبيين والتنفيذيين
Other Office and Administrative Support Workers,عمال المكتب والدعم الإداري الآخرين
Data Entry and Information Processing Workers,عمال إدخال البيانات ومعالجة المعلومات
Data Entry Keyers,Keyers إدخال البيانات
Word Processors and Typists,معالجات الكلمات والطابعات
Desktop Publishers,ناشرو سطح المكتب
Insurance Claims and Policy Processing Clerks,كتبة مطالبات التأمين ومعالجة البوليصة
"Mail Clerks and Mail Machine Operators, Except Postal Service",كتبة البريد ومشغلي آلات البريد ، باستثناء الخدمة البريدية
"Office Clerks, General",كتبة المكتب ، العام
"Office Machine Operators, Except Computer",مشغلي آلات المكاتب ، باستثناء الكمبيوتر
Proofreaders and Copy Markers,المصححون ونسخ العلامات
Statistical Assistants,مساعدين إحصائيين
"Office and Administrative Support Workers, All Other",موظفو الدعم الإداري والمكتبي ، جميعهم
"Farming, Fishing, and Forestry Occupations",مهن الزراعة والصيد والحراجة
"First-Line Supervisors of Farming, Fishing, and Forestry Workers",مشرفو الخط الأول لعمال الزراعة والصيد والحراجة
Agricultural Workers,عمال الزراعة
Agricultural Inspectors,مفتشون زراعيون
Animal Breeders,مربي الحيوانات
"Graders and Sorters, Agricultural Products",الممهدات والفرز ، المنتجات الزراعية
Miscellaneous Agricultural Workers,عمال زراعيون متنوعون
Agricultural Equipment Operators,مشغلي المعدات الزراعية
"Farmworkers and Laborers, Crop, Nursery, and Greenhouse",عمال المزارع والعمال والمحاصيل والمشاتل والصوب الزراعية
"Farmworkers, Farm, Ranch, and Aquacultural Animals",عمال المزارع والمزرعة والمزرعة وتربية الأحياء المائية
"Agricultural Workers, All Other",عمال الزراعة ، جميع الآخرين
"Forest, Conservation, and Logging Workers",عمال الغابات والحفظ وقطع الأشجار
Forest and Conservation Workers,عمال الغابات والحفظ
Logging Workers,عمال قطع الأشجار
Fallers,الفشل
Logging Equipment Operators,مشغلي معدات التسجيل
Log Graders and Scalers,سجل الصفوف والمقاييس
"Logging Workers, All Other",عمال قطع الأشجار ، جميع الآخرين
Construction and Extraction Occupations,مهن البناء والاستخراج
First-Line Supervisors of Construction Trades and Extraction Workers,مشرفو الخط الأول في مهن البناء وعمال الاستخراج
Construction Trades Workers,عمال البناء
Boilermakers,غلايات
"Brickmasons, Blockmasons, and Stonemasons",Brickmasons و Blockmasons و Stonemasons
Brickmasons and Blockmasons,Brickmasons و Blockmasons
Stonemasons,الحجارة
Carpenters,نجارون
"Carpet, Floor, and Tile Installers and Finishers",أخصائي تركيب وتركيب السجاد والأرضيات والبلاط
Carpet Installers,عمال تركيب السجاد
"Floor Layers, Except Carpet, Wood, and Hard Tiles",طبقات الأرضية ماعدا السجاد والخشب والبلاط الصلب
Floor Sanders and Finishers,آلات صنفرة الأرضية والتشطيب
Tile and Stone Setters,البلاط والحجر
"Cement Masons, Concrete Finishers, and Terrazzo Workers",عمال بناء الأسمنت وعمال إنهاء الخرسانة وعمال تيرازو
Cement Masons and Concrete Finishers,مواد البناء الأسمنتية والتشطيبات الخرسانية
Terrazzo Workers and Finishers,عمال Terrazzo والتشطيب
Construction Laborers,عمال البناء
Construction Equipment Operators,مشغلي معدات البناء
"Paving, Surfacing, and Tamping Equipment Operators",مشغلي معدات الرصف والتسطيح والحشو
Pile Driver Operators,مشغلي سائق كومة
Operating Engineers and Other Construction Equipment Operators,مهندسو التشغيل ومشغلو معدات البناء الأخرى
"Drywall Installers, Ceiling Tile Installers, and Tapers",مُركِّبي الحوائط الجافة ، مُركِّبي بلاط السقف ، والاستدقاق التدريجي
Drywall and Ceiling Tile Installers,مُركِّبو الحوائط الجافة وبلاط السقف
Tapers,التناقص التدريجي
Electricians,اختصاصي بالكهرباء
Glaziers,زجاج
Insulation Workers,عمال العزل
"Insulation Workers, Floor, Ceiling, and Wall",عمال العزل والأرضيات والسقف والجدار
"Insulation Workers, Mechanical",عمال عزل ميكانيكي
Painters and Paperhangers,الرسامين والصناع الاوراق
"Painters, Construction and Maintenance",الرسامين والبناء والصيانة
Paperhangers,صانعو الأوراق
"Pipelayers, Plumbers, Pipefitters, and Steamfitters",ماكينات مد المواسير والسباكين وتركيب الأنابيب والبخار
Pipelayers,مد الأنابيب
"Plumbers, Pipefitters, and Steamfitters",السباكين وعمال الأنابيب والبخار
Plasterers and Stucco Masons,الجبس والبنائين الجص
Reinforcing Iron and Rebar Workers,حديد التسليح وعمال حديد التسليح
Roofers,السقوف
Sheet Metal Workers,عمال الصفائح المعدنية
Structural Iron and Steel Workers,عمال إنشاءات الحديد والصلب
Solar Photovoltaic Installers,تركيب الخلايا الشمسية الكهروضوئية
"Helpers, Construction Trades",المساعدين ، تجارة البناء
"Helpers--Brickmasons, Blockmasons, Stonemasons, and Tile and Marble Setters",المساعدون - Brickmasons و Blockmasons و Stonemasons و Tile and Marble Setters
Helpers--Carpenters,مساعدون - نجارون
Helpers--Electricians,مساعدون - كهربائيون
"Helpers--Painters, Paperhangers, Plasterers, and Stucco Masons",المساعدون - الرسامون ، صانعو الأوراق ، الجبس ، والبنائين الجصيين
"Helpers--Pipelayers, Plumbers, Pipefitters, and Steamfitters",المساعدون - رافعو المواسير والسباكون ومركبو الأنابيب وأجهزة البخار
Helpers--Roofers,مساعدين - أسقف
"Helpers, Construction Trades, All Other",المساعدون ، تجارة البناء ، كل شيء آخر
Other Construction and Related Workers,عمال البناء الآخرون وما يرتبط بهم
Construction and Building Inspectors,مفتشو التشييد والبناء
Elevator and Escalator Installers and Repairers,فنيو المصاعد والسلالم المتحركة والمصلحون
Fence Erectors,نصب السياج
Hazardous Materials Removal Workers,عمال إزالة المواد الخطرة
Highway Maintenance Workers,عمال صيانة الطرق السريعة
Rail-Track Laying and Maintenance Equipment Operators,مشغلو معدات مد خطوط السكك الحديدية وصيانتها
Septic Tank Servicers and Sewer Pipe Cleaners,خوادم خزانات الصرف الصحي ومنظفات أنابيب الصرف الصحي
Miscellaneous Construction and Related Workers,عمال البناء المتنوعون وما يرتبط بهم
Extraction Workers,عمال الاستخراج
"Derrick, Rotary Drill, and Service Unit Operators, Oil and Gas",ديريك ، مثقاب دوار ، ومشغلو وحدة الخدمة ، النفط والغاز
"Derrick Operators, Oil and Gas",مشغلي ديريك ، النفط والغاز
"Rotary Drill Operators, Oil and Gas",مشغلي الحفر الدوارة ، النفط والغاز
"Service Unit Operators, Oil and Gas",مشغلي وحدات الخدمة ، النفط والغاز
Surface Mining Machine Operators and Earth Drillers,مشغلي آلات التعدين السطحي وحفاري الأرض
"Excavating and Loading Machine and Dragline Operators, Surface Mining",آلة الحفر والتحميل ومشغلي Dragline والتعدين السطحي
"Earth Drillers, Except Oil and Gas",حفارات التربة باستثناء النفط والغاز
"Explosives Workers, Ordnance Handling Experts, and Blasters",عمال المتفجرات وخبراء التعامل مع الذخائر والمتفجرات
Underground Mining Machine Operators,مشغلي ماكينات التعدين تحت الأرض
Continuous Mining Machine Operators,مشغلي ماكينات التعدين المستمر
"Roof Bolters, Mining",مسامير السقف والتعدين
"Loading and Moving Machine Operators, Underground Mining",مشغلي ماكينات التحميل والتحريك والتعدين الجوفي
"Underground Mining Machine Operators, All Other",مشغلي ماكينات التعدين تحت الأرض ، جميع الآخرين
"Rock Splitters, Quarry",شق الصخور ، المحجر
"Roustabouts, Oil and Gas",الحمال والنفط والغاز
Helpers--Extraction Workers,المساعدون - عمال الاستخراج
"Extraction Workers, All Other",عمال الاستخراج ، جميعهم
"Installation, Maintenance, and Repair Occupations",مهن التركيب والصيانة والإصلاح
"First-Line Supervisors of Mechanics, Installers, and Repairers",مشرفو الخط الأول للميكانيكا والمركبين والمصلحين
"Electrical and Electronic Equipment Mechanics, Installers, and Repairers",ميكانيكا المعدات الكهربائية والإلكترونية والمركبون والمصلحون
"Computer, Automated Teller, and Office Machine Repairers",مصلحو أجهزة الكمبيوتر والصراف الآلي وآلات المكاتب
Radio and Telecommunications Equipment Installers and Repairers,فنيو تركيب أجهزة الراديو والاتصالات السلكية واللاسلكية ومصلحوها
"Radio, Cellular, and Tower Equipment Installers and Repairers",فنيو تركيب وإصلاح معدات الراديو والخلو والأبراج
"Telecommunications Equipment Installers and Repairers, Except Line Installers",فنيو تركيب معدات الاتصالات السلكية واللاسلكية ومصلحوها ، باستثناء عمال تركيب الخط
"Miscellaneous Electrical and Electronic Equipment Mechanics, Installers, and Repairers",ميكانيكا المعدات الكهربائية والإلكترونية المتنوعة والمركبون والمصلحون
Avionics Technicians,فنيو إلكترونيات الطيران
"Electric Motor, Power Tool, and Related Repairers",محرك كهربائي ، أداة كهربائية ، والمصلحون ذوو الصلة
"Electrical and Electronics Installers and Repairers, Transportation Equipment",فنيو التركيبات الكهربائية والإلكترونية والمصلحون ، معدات النقل
"Electrical and Electronics Repairers, Commercial and Industrial Equipment",مصلحون الكهرباء والإلكترونيات والمعدات التجارية والصناعية
"Electrical and Electronics Repairers, Powerhouse, Substation, and Relay",مصلحون الكهرباء والإلكترونيات ، ومحطة الطاقة ، والمحطة الفرعية ، والتتابع
"Electronic Equipment Installers and Repairers, Motor Vehicles",فنيو تركيب وإصلاح المعدات الإلكترونية ، المركبات ذات المحركات
Audiovisual Equipment Installers and Repairers,فنيو تركيب وإصلاح المعدات السمعية والبصرية
Security and Fire Alarm Systems Installers,أخصائي تركيب أنظمة الأمن وإنذار الحريق
"Vehicle and Mobile Equipment Mechanics, Installers, and Repairers",ميكانيكا السيارات والمعدات المتنقلة والمركبون والمصلحون
Aircraft Mechanics and Service Technicians,ميكانيكا الطائرات وفنيو الخدمة
Automotive Technicians and Repairers,فنيو السيارات والمصلحون
Automotive Body and Related Repairers,هيئة السيارات والمصلحون ذوو الصلة
Automotive Glass Installers and Repairers,تركيب ومصلحي زجاج السيارات
Automotive Service Technicians and Mechanics,فنيو خدمة السيارات والميكانيكيون
Bus and Truck Mechanics and Diesel Engine Specialists,ميكانيكا الحافلات والشاحنات ومحركات الديزل
Heavy Vehicle and Mobile Equipment Service Technicians and Mechanics,فنيو وميكانيكيو خدمة المعدات الثقيلة والمتنقلة
Farm Equipment Mechanics and Service Technicians,ميكانيكي معدات المزارع وفنيي الخدمة
"Mobile Heavy Equipment Mechanics, Except Engines",ميكانيكا المعدات الثقيلة المتحركة ماعدا المحركات
Rail Car Repairers,تصليح سيارات السكك الحديدية
Small Engine Mechanics,ميكانيكا المحركات الصغيرة
Motorboat Mechanics and Service Technicians,ميكانيكا القوارب وفنيي الخدمة
Motorcycle Mechanics,ميكانيكا الدراجات النارية
Outdoor Power Equipment and Other Small Engine Mechanics,معدات الطاقة الخارجية وميكانيكا المحركات الصغيرة الأخرى
"Miscellaneous Vehicle and Mobile Equipment Mechanics, Installers, and Repairers",ميكانيكا المعدات المتنوعة والمتنقلة والمركبون والمصلحون
Bicycle Repairers,مصلحو الدراجات
Recreational Vehicle Service Technicians,فنيو خدمة المركبات الترفيهية
Tire Repairers and Changers,مصلحون ومغيرو الإطارات
"Other Installation, Maintenance, and Repair Occupations",مهن التثبيت والصيانة والإصلاح الأخرى
Control and Valve Installers and Repairers,فنيو تركيب الصمامات والتحكم والمصلحون
Mechanical Door Repairers,مصلحو الأبواب الميكانيكية
"Control and Valve Installers and Repairers, Except Mechanical Door",فنيو تركيب وتصليح الصمامات والتحكم ، باستثناء الباب الميكانيكي
"Heating, Air Conditioning, and Refrigeration Mechanics and Installers",ميكانيكا التدفئة والتكييف والتبريد والمركبون
Home Appliance Repairers,مصلحو الأجهزة المنزلية
"Industrial Machinery Installation, Repair, and Maintenance Workers",عمال تركيب الآلات الصناعية وإصلاحها وصيانتها
Industrial Machinery Mechanics,ميكانيكا الآلات الصناعية
"Maintenance Workers, Machinery",عمال الصيانة والآلات
Millwrights,مطاحن
"Refractory Materials Repairers, Except Brickmasons",مصلحي المواد الحرارية ، باستثناء الطوب
Line Installers and Repairers,عمال تركيب الخط والمصلحون
Electrical Power-Line Installers and Repairers,عمال تركيب وإصلاح خطوط الطاقة الكهربائية
Telecommunications Line Installers and Repairers,تركيب وإصلاح خطوط الاتصالات السلكية واللاسلكية
Precision Instrument and Equipment Repairers,مصلحي الأدوات والمعدات الدقيقة
Camera and Photographic Equipment Repairers,مصلحو الكاميرات ومعدات التصوير
Medical Equipment Repairers,مصلحو المعدات الطبية
Musical Instrument Repairers and Tuners,مصلحات وموالفات الآلات الموسيقية
Watch and Clock Repairers,مصلحو الساعات والساعات
"Precision Instrument and Equipment Repairers, All Other",مصلحو الآلات والمعدات الدقيقة ، كل شيء آخر
"Maintenance and Repair Workers, General",عمال الصيانة والإصلاح ، عامة
Wind Turbine Service Technicians,فنيو خدمة توربينات الرياح
"Miscellaneous Installation, Maintenance, and Repair Workers",عمال التركيب والصيانة والإصلاح المتنوعة
"Coin, Vending, and Amusement Machine Servicers and Repairers",خادمي ومصلحي آلات العملة والبيع والتسلية
Commercial Divers,الغواصين التجاريين
Locksmiths and Safe Repairers,الأقفال والمصلحون الآمنون
Manufactured Building and Mobile Home Installers,تركيب المباني المصنعة والمنزل المحمول
Riggers,الحفارون
Signal and Track Switch Repairers,مصلحو الإشارات والمفاتيح الكهربائية
"Helpers--Installation, Maintenance, and Repair Workers",المساعدون - عمال التركيب والصيانة والإصلاح
"Installation, Maintenance, and Repair Workers, All Other",عمال التركيب والصيانة والإصلاح ، جميعًا
Production Occupations,مهن الإنتاج
First-Line Supervisors of Production and Operating Workers,مشرفو الخط الأول لعمال الإنتاج والتشغيل
Assemblers and Fabricators,المجمعون والمصنعون
"Aircraft Structure, Surfaces, Rigging, and Systems Assemblers",هياكل الطائرات والأسطح والتزوير ومجمعوا الأنظمة
"Electrical, Electronics, and Electromechanical Assemblers",المجمعات الكهربائية والإلكترونية والكهروميكانيكية
"Coil Winders, Tapers, and Finishers",لفائف الملفوف ، التناقص التدريجي ، والتشطيب
"Electrical, Electronic, and Electromechanical Assemblers, Except Coil Winders, Tapers, and Finishers",المجمعات الكهربائية والإلكترونية والكهروميكانيكية ، باستثناء لفائف الملف ، التناقص التدريجي ، واللمسات النهائية
Engine and Other Machine Assemblers,مُجمِّعات المحركات والآلات الأخرى
Structural Metal Fabricators and Fitters,مصنعي المعادن الإنشائية والميكانيكيون
Fiberglass Laminators and Fabricators,مصنعي وتصفيح الألياف الزجاجية
Timing Device Assemblers and Adjusters,مُجمِّعات أجهزة التوقيت وضبطها
Miscellaneous Assemblers and Fabricators,المجمعون والمصنعون المتنوعون
Food Processing Workers,عمال تجهيز الأغذية
Bakers,الخبازين
"Butchers and Other Meat, Poultry, and Fish Processing Workers",الجزارين وغيرهم من عمال اللحوم والدواجن والأسماك
Butchers and Meat Cutters,الجزارين وتقطيع اللحوم
"Meat, Poultry, and Fish Cutters and Trimmers",قواطع وقواطع اللحوم والدواجن والأسماك
Slaughterers and Meat Packers,المسالخ ومعلمو اللحوم
Miscellaneous Food Processing Workers,عمال تصنيع الأغذية المتنوعة
"Food and Tobacco Roasting, Baking, and Drying Machine Operators and Tenders",مشغلي ومناقصات ماكينات تحميص وخبز وتجفيف الأغذية والتبغ
Food Batchmakers,صناع دفعة الغذاء
Food Cooking Machine Operators and Tenders,مشغلي ومناقصات ماكينات طهي الطعام
"Food Processing Workers, All Other",عمال تجهيز الأغذية ، جميع الآخرين
Metal Workers and Plastic Workers,عمال المعادن وعمال البلاستيك
"Forming Machine Setters, Operators, and Tenders, Metal and Plastic",تشكيل آلات التشكيل والمشغلين والمناقصات والمعادن والبلاستيك
"Extruding and Drawing Machine Setters, Operators, and Tenders, Metal and Plastic",ماكينات البثق والرسم ، المشغلون ، والعطاءات المعدنية والبلاستيكية
"Forging Machine Setters, Operators, and Tenders, Metal and Plastic",تزوير آلات التشكيل والمشغلين والمناقصات والمعادن والبلاستيك
"Rolling Machine Setters, Operators, and Tenders, Metal and Plastic",ماكينات الدرفلة والمشغلات والعطاءات المعدنية والبلاستيكية
"Machine Tool Cutting Setters, Operators, and Tenders, Metal and Plastic",ماكينات قطع الآلات والمشغلين والمناقصات والمعادن والبلاستيك
"Cutting, Punching, and Press Machine Setters, Operators, and Tenders, Metal and Plastic",آلات القطع والتثقيب والضغط ، المشغلون ، المناقصات ، المعادن والبلاستيك
"Drilling and Boring Machine Tool Setters, Operators, and Tenders, Metal and Plastic",آلات الحفر والتثقيب ، المشغلون ، المناقصات ، المعادن والبلاستيك
"Grinding, Lapping, Polishing, and Buffing Machine Tool Setters, Operators, and Tenders, Metal and Plastic",أدوات آلة الطحن والتلميع والتلميع والمشغلون والعطاءات المعدنية والبلاستيكية
"Lathe and Turning Machine Tool Setters, Operators, and Tenders, Metal and Plastic",آلات الخراطة وأدوات الخراطة والمشغلون والعطاءات المعدنية والبلاستيكية
"Milling and Planing Machine Setters, Operators, and Tenders, Metal and Plastic",آلات الطحن والتخطيط والمشغلون والعطاءات المعدنية والبلاستيكية
Machinists,الميكانيكيون
"Metal Furnace Operators, Tenders, Pourers, and Casters",مشغلي الأفران المعدنية ، المناقصات ، الصب ، والعجلات
Metal-Refining Furnace Operators and Tenders,مشغلي أفران تكرير المعادن والمناقصات
"Pourers and Casters, Metal",المسبوكات والعجلات المعدنية
"Model Makers and Patternmakers, Metal and Plastic",صناع النماذج وصانعي النماذج المعدنية والبلاستيكية
"Model Makers, Metal and Plastic",صناعة النماذج المعدنية والبلاستيكية
"Patternmakers, Metal and Plastic",صناع النماذج والمعادن والبلاستيك
"Molders and Molding Machine Setters, Operators, and Tenders, Metal and Plastic",المشغلون والعطاءات المعدنية والبلاستيكية
Foundry Mold and Coremakers,قوالب مسبك وصانعي Coremakers
"Molding, Coremaking, and Casting Machine Setters, Operators, and Tenders, Metal and Plastic",ماكينات تشكيل وصب وتشكيل ، ومشغلين ، ومناقصات ، ومعدن وبلاستيك
"Multiple Machine Tool Setters, Operators, and Tenders, Metal and Plastic",العديد من أدوات الماكينات والمشغلين والعطاءات المعدنية والبلاستيكية
Tool and Die Makers,صناع الأدوات والقوالب
"Welding, Soldering, and Brazing Workers",عمال اللحام واللحام والنحاس
"Welders, Cutters, Solderers, and Brazers",اللحامون والقواطع واللحامون والنحاس
"Welding, Soldering, and Brazing Machine Setters, Operators, and Tenders",آلات اللحام ، اللحام ، والنحاس ، المشغلون ، والعطاءات
Miscellaneous Metal Workers and Plastic Workers,عمال معادن متنوعون وعمال بلاستيك
"Heat Treating Equipment Setters, Operators, and Tenders, Metal and Plastic",أجهزة المعالجة الحرارية والمشغلين والمناقصات المعدنية والبلاستيكية
"Layout Workers, Metal and Plastic",عمال تخطيط المعادن والبلاستيك
"Plating Machine Setters, Operators, and Tenders, Metal and Plastic",آلات الطلاء والمشغلين والعطاءات المعدنية والبلاستيكية
"Tool Grinders, Filers, and Sharpeners",مطاحن الأدوات والمرشحات والمبرايات
"Metal Workers and Plastic Workers, All Other",عمال المعادن والبلاستيك ، جميع الآخرين
Printing Workers,عمال الطباعة
Prepress Technicians and Workers,الفنيين والعمال Prepress
Printing Press Operators,مشغلي المطابع
Print Binding and Finishing Workers,عمال التجليد والتشطيب
"Textile, Apparel, and Furnishings Workers",عمال النسيج والملابس والمفروشات
Laundry and Dry-Cleaning Workers,عمال الغسيل والتنظيف الجاف
"Pressers, Textile, Garment, and Related Materials",المكابس والمنسوجات والملابس والمواد ذات الصلة
Sewing Machine Operators,مشغلي ماكينات الخياطة
Shoe and Leather Workers,عمال الأحذية والجلود
Shoe and Leather Workers and Repairers,عمال ومصلحو الأحذية والجلود
Shoe Machine Operators and Tenders,مشغلي ماكينات الأحذية والمناقصات
"Tailors, Dressmakers, and Sewers",الخياطون والخياطون والصرف الصحي
"Sewers, Hand",مجاري يدوية
"Tailors, Dressmakers, and Custom Sewers",الخياطون والخياطون والمجاري المخصصة
"Textile Machine Setters, Operators, and Tenders",ماكينات الغزل والنسيج والمشغلين والمناقصات
Textile Bleaching and Dyeing Machine Operators and Tenders,مشغلي ومناقصات ماكينات تبييض وصباغة المنسوجات
"Textile Cutting Machine Setters, Operators, and Tenders",آلات قطع المنسوجات والمشغلين والمناقصات
"Textile Knitting and Weaving Machine Setters, Operators, and Tenders",ماكينات حياكة النسيج والنسيج والمشغلين والمناقصات
"Textile Winding, Twisting, and Drawing Out Machine Setters, Operators, and Tenders",لف المنسوجات ، ولفها ، وسحب آلات الخياطة والمشغلين والعطاءات
"Miscellaneous Textile, Apparel, and Furnishings Workers",عمال المنسوجات والملابس والمفروشات المتنوعة
"Extruding and Forming Machine Setters, Operators, and Tenders, Synthetic and Glass Fibers",آلات البثق والتشكيل ، والمشغلين ، والعطاءات ، والألياف الاصطناعية والزجاجية
Fabric and Apparel Patternmakers,صناع نماذج النسيج والملابس
Upholsterers,المنجدون
"Textile, Apparel, and Furnishings Workers, All Other",عمال النسيج والملابس والمفروشات ، جميعًا
Woodworkers,عمال الخشب
Cabinetmakers and Bench Carpenters,صناع الخزائن والنجارون منضدة
Furniture Finishers,تشطيبات الأثاث
"Model Makers and Patternmakers, Wood",صناع النماذج والنماذج ، الخشب
"Model Makers, Wood",صناع موديل خشب
"Patternmakers, Wood",صناع النماذج ، الخشب
"Woodworking Machine Setters, Operators, and Tenders",آلات النجارة والمشغلين والمناقصات
"Sawing Machine Setters, Operators, and Tenders, Wood",ماكينات النشر ، المشغلين ، المناقصات ، الخشب
"Woodworking Machine Setters, Operators, and Tenders, Except Sawing",آلات النجارة والمشغلين والمناقصات ، باستثناء النشر
"Woodworkers, All Other",عمال الأخشاب ، جميع الآخرين
Plant and System Operators,مشغلو المصانع والأنظمة
"Power Plant Operators, Distributors, and Dispatchers",مشغلي محطات الطاقة والموزعين والمرسلين
Nuclear Power Reactor Operators,مشغلي مفاعلات الطاقة النووية
Power Distributors and Dispatchers,موزعي وموزعي الطاقة
Power Plant Operators,مشغلي محطات توليد الطاقة
Stationary Engineers and Boiler Operators,المهندسون الثابتون ومشغلو الغلايات
Water and Wastewater Treatment Plant and System Operators,مشغلو أنظمة ومحطات معالجة المياه والصرف الصحي
Miscellaneous Plant and System Operators,مشغلو أنظمة ومصانع متنوعة
Chemical Plant and System Operators,مشغلي الأنظمة والمصانع الكيماوية
Gas Plant Operators,مشغلي محطات الغاز
"Petroleum Pump System Operators, Refinery Operators, and Gaugers",مشغلو أنظمة ضخ البترول ومشغلو المصفاة وأجهزة القياس
"Plant and System Operators, All Other",مشغلو المصانع والأنظمة ، جميعهم
Other Production Occupations,مهن الإنتاج الأخرى
"Chemical Processing Machine Setters, Operators, and Tenders",آلات المعالجة الكيميائية والمشغلين والمناقصات
Chemical Equipment Operators and Tenders,مشغلي ومناقصات المعدات الكيماوية
"Separating, Filtering, Clarifying, Precipitating, and Still Machine Setters, Operators, and Tenders",فصل وتصفية وتوضيح وترسيب وتثبيت الماكينات والمشغلين والعطاءات
"Crushing, Grinding, Polishing, Mixing, and Blending Workers",عمال السحق والطحن والتلميع والخلط والمزج
"Crushing, Grinding, and Polishing Machine Setters, Operators, and Tenders",آلات التكسير ، والطحن ، والتلميع ، والمشغلين ، والعطاءات
"Grinding and Polishing Workers, Hand",عمال طحن وتلميع اليد
"Mixing and Blending Machine Setters, Operators, and Tenders",آلات الخلط والمزج ، المشغلون ، والعطاءات
Cutting Workers,عمال القطع
"Cutters and Trimmers, Hand",القواطع والقواطع ، اليد
"Cutting and Slicing Machine Setters, Operators, and Tenders",آلات التقطيع والتقطيع والمشغلين والمناقصات
"Extruding, Forming, Pressing, and Compacting Machine Setters, Operators, and Tenders",آلات البثق ، والتشكيل ، والضغط ، والضغط ، والمشغلين ، والعطاءات
"Furnace, Kiln, Oven, Drier, and Kettle Operators and Tenders",مشغلي ومناقصات الأفران والأفران والفرن والمجفف والغلاية
"Inspectors, Testers, Sorters, Samplers, and Weighers",مفتشون ، فاحصون ، فارزون ، عينات ، وزن
Jewelers and Precious Stone and Metal Workers,الجواهريون وعمال الأحجار الكريمة والمعادن
Dental and Ophthalmic Laboratory Technicians and Medical Appliance Technicians,فنيو مختبرات طب الأسنان والعيون وفنيو الأجهزة الطبية
Dental Laboratory Technicians,فنيو معمل الأسنان
Medical Appliance Technicians,فنيو الاجهزة الطبية
Ophthalmic Laboratory Technicians,فنيو مختبرات طب وجراحة العيون
Packaging and Filling Machine Operators and Tenders,مشغلي ماكينات التعبئة والتغليف والعطاءات
Painting Workers,عمال الدهان
"Painting, Coating, and Decorating Workers",عمال الدهان والطلاء والديكور
"Coating, Painting, and Spraying Machine Setters, Operators, and Tenders",آلات الطلاء ، والطلاء ، والرش ، والمشغلون ، والعطاءات
Semiconductor Processing Technicians,فنيو معالجة أشباه الموصلات
Photographic Process Workers and Processing Machine Operators,عمال عمليات التصوير الفوتوغرافي ومشغلو آلات المعالجة
Computer Numerically Controlled Tool Operators and Programmers,مشغلي ومبرمجي الأدوات التي يتم التحكم فيها عدديًا بالكمبيوتر
Computer Numerically Controlled Tool Operators,مشغلي الأدوات التي يتم التحكم فيها عدديًا بواسطة الكمبيوتر
Computer Numerically Controlled Tool Programmers,مبرمجو الأدوات التي يتم التحكم فيها عدديًا بالكمبيوتر
Miscellaneous Production Workers,عمال الإنتاج المتنوع
Adhesive Bonding Machine Operators and Tenders,مشغلي آلات الربط اللاصق والمناقصات
"Cleaning, Washing, and Metal Pickling Equipment Operators and Tenders",مشغلي ومناقصات معدات التنظيف والغسيل وتخليص المعادن
Cooling and Freezing Equipment Operators and Tenders,مشغلي ومناقصات معدات التبريد والتجميد
Etchers and Engravers,النحاتون والنقاشون
"Molders, Shapers, and Casters, Except Metal and Plastic",القوالب ، والقوالب ، والعجلات ، باستثناء المعادن والبلاستيك
"Paper Goods Machine Setters, Operators, and Tenders",ماكينات البضائع الورقية والمشغلين والمناقصات
Tire Builders,بناة الاطارات
Helpers--Production Workers,المساعدون - عمال الإنتاج
"Production Workers, All Other",عمال الإنتاج ، جميع الآخرين
Transportation and Material Moving Occupations,مهن النقل ونقل المواد
First-Line Supervisors of Transportation and Material Moving Workers,مشرفو الخط الأول لعمال النقل ونقل المواد
Aircraft Cargo Handling Supervisors,مشرفو شحن الطائرات
"First-Line Supervisors of Transportation and Material Moving Workers, Except Aircraft Cargo Handling Supervisors",مشرفو الخط الأول لعمال النقل ونقل المواد ، باستثناء مشرفي مناولة البضائع بالطائرات
Air Transportation Workers,عمال النقل الجوي
Aircraft Pilots and Flight Engineers,طيارو الطائرات ومهندسو الطيران
"Airline Pilots, Copilots, and Flight Engineers",طيارو الخطوط الجوية ، ومساعدي الطيارين ، ومهندسي الطيران
Commercial Pilots,طيارون تجاريون
Air Traffic Controllers and Airfield Operations Specialists,مراقبو الحركة الجوية واختصاصيو عمليات المطارات
Air Traffic Controllers,مراقبو الحركة الجوية
Airfield Operations Specialists,متخصصو عمليات المطارات
Flight Attendants,المضيفات
Motor Vehicle Operators,مشغلي المركبات الآلية
"Ambulance Drivers and Attendants, Except Emergency Medical Technicians",سائقي ومرافقي سيارات الإسعاف ، باستثناء فنيي الطوارئ الطبية
Driver/Sales Workers and Truck Drivers,السائقين / عمال المبيعات وسائقي الشاحنات
Driver/Sales Workers,سائق / عمال مبيعات
Heavy and Tractor-Trailer Truck Drivers,سائقي الشاحنات الثقيلة والجرارات
Light Truck Drivers,سائقي الشاحنات الخفيفة
Passenger Vehicle Drivers,سائقي سيارات الركاب
"Bus Drivers, School",سائقي الحافلات ، المدرسة
"Bus Drivers, Transit and Intercity",سائقي الحافلات والعبور وبين المدن
Shuttle Drivers and Chauffeurs,سائقي المكوك والسائقين
Taxi Drivers,سائقي سيارات الأجرة
"Motor Vehicle Operators, All Other",مشغلي السيارات ، جميع الآخرين
Rail Transportation Workers,عمال النقل بالسكك الحديدية
Locomotive Engineers and Operators,مهندسو ومشغلو القاطرات
Locomotive Engineers,مهندسو القاطرات
"Rail Yard Engineers, Dinkey Operators, and Hostlers",مهندسو ساحة السكك الحديدية ومشغلي Dinkey و Hostlers
"Railroad Brake, Signal, and Switch Operators and Locomotive Firers",مشغلي فرامل وإشارات وتحويل السكك الحديدية وقاطرات قاطرات النار
Railroad Conductors and Yardmasters,موصلات السكك الحديدية وسادات السفن
Subway and Streetcar Operators,مشغلي مترو الانفاق والترام
"Rail Transportation Workers, All Other",عمال النقل بالسكك الحديدية ، جميعًا
Water Transportation Workers,عمال نقل المياه
Sailors and Marine Oilers,البحارة والمزيتون البحريون
Ship and Boat Captains and Operators,قباطنة ومشغلو السفن والقوارب
"Captains, Mates, and Pilots of Water Vessels",قباطنة ، وأصحاب ، وطياري سفن المياه
Motorboat Operators,مشغلي قوارب بخارية
Ship Engineers,مهندسو السفن
Other Transportation Workers,عمال النقل الآخرون
Bridge and Lock Tenders,مناقصات الجسر والقفل
Parking Attendants,المشرفون على وقوف السيارات
Transportation Service Attendants,مقدمو خدمة النقل
Automotive and Watercraft Service Attendants,مقدمو خدمة السيارات والمراكب
Aircraft Service Attendants,مقدمو خدمة الطائرات
Traffic Technicians,فنيي المرور
Transportation Inspectors,مفتشو النقل
Passenger Attendants,حضور الركاب
"Transportation Workers, All Other",عمال النقل ، جميع الآخرين
Material Moving Workers,عمال نقل المواد
Conveyor Operators and Tenders,مشغلي الناقلات والمناقصات
Crane and Tower Operators,مشغلو الرافعات والأبراج
Dredge Operators,مشغلي نعرات
Hoist and Winch Operators,مشغلي الرافعة والرافعة
Industrial Truck and Tractor Operators,مشغلي الشاحنات والجرارات الصناعية
Laborers and Material Movers,العمال ومحركو المواد
Cleaners of Vehicles and Equipment,عمال نظافة المركبات والمعدات
"Laborers and Freight, Stock, and Material Movers, Hand",عمال وشحن ومخزون ومواد يدوية
Machine Feeders and Offbearers,مغذيات الآلة والأطراف
"Packers and Packagers, Hand",التعبئة والتغليف ، اليد
Stockers and Order Fillers,المخزونات وحشو الطلبات
Pumping Station Operators,مشغلي محطات الضخ
Gas Compressor and Gas Pumping Station Operators,مشغلو ضاغط الغاز ومحطات ضخ الغاز
"Pump Operators, Except Wellhead Pumpers",مشغلي المضخات ، باستثناء مضخات فوهة البئر
Wellhead Pumpers,مضخات فوهة البئر
Refuse and Recyclable Material Collectors,جامعي النفايات والمواد القابلة لإعادة التدوير
"Tank Car, Truck, and Ship Loaders",عربات الصهريج والشاحنة والسفن
"Material Moving Workers, All Other",عمال نقل المواد ، جميعًا
