Occupation title (click on the occupation title to view its profile),عنوان المهنة (انقر على عنوان الاحتلال لعرض ملفه الشخصي)
All Occupations,جميع المهن
Management Occupations,المهن الإدارية
Top Executives,كبار المسؤولين التنفيذيين
Chief Executives,التنفيذيين
General and Operations Managers,المدراء العامون ومديرو العمليات
Legislators,المشرعين
"Advertising, Marketing, Promotions, Public Relations, and Sales Managers",مديرو الإعلانات والتسويق والعروض الترويجية والعلاقات العامة والمبيعات
Advertising and Promotions Managers,مدراء الإعلانات والعروض الترويجية
Marketing and Sales Managers,مدراء التسويق والمبيعات
Marketing Managers,مدراء التسويق
Sales Managers,مدراء المبيعات
Public Relations and Fundraising Managers,مدراء العلاقات العامة وجمع التبرعات
Public Relations Managers,مدراء العلاقات العامة
Fundraising Managers,مديرو جمع التبرعات
Operations Specialties Managers,مدراء تخصصات العمليات
Administrative Services and Facilities Managers,مدراء الخدمات الإدارية والمرافق
Administrative Services Managers,مدراء الخدمات الإدارية
Facilities Managers,مدراء المرافق
Computer and Information Systems Managers,مدراء الحاسب الآلي ونظم المعلومات
Financial Managers,المدراء الماليون
Industrial Production Managers,مدراء الإنتاج الصناعي
Purchasing Managers,مدراء المشتريات
"Transportation, Storage, and Distribution Managers",مديرو النقل والتخزين والتوزيع
Compensation and Benefits Managers,مديرو التعويضات والمزايا
Human Resources Managers,مدراء الموارد البشرية
Training and Development Managers,مدراء التدريب والتطوير
Other Management Occupations,مهن إدارية أخرى
"Farmers, Ranchers, and Other Agricultural Managers",المزارعون ومربو الماشية وغيرهم من المديرين الزراعيين
Construction Managers,مدراء الإنشاءات
Education and Childcare Administrators,مديرو التعليم ورعاية الأطفال
"Education and Childcare Administrators, Preschool and Daycare",مديرو التعليم ورعاية الأطفال، مرحلة ما قبل المدرسة والرعاية النهارية
"Education Administrators, Kindergarten through Secondary",مديرو التعليم، من رياض الأطفال حتى المرحلة الثانوية
"Education Administrators, Postsecondary",مديرو التعليم، ما بعد المرحلة الثانوية
"Education Administrators, All Other",مسؤولو التعليم، كل ما عدا ذلك
Architectural and Engineering Managers,المدراء المعماريون والهندسيون
Food Service Managers,مدراء الخدمات الغذائية
Entertainment and Recreation Managers,مديرو الترفيه والاستجمام
Gambling Managers,مدراء المقامرة
"Entertainment and Recreation Managers, Except Gambling",مديرو الترفيه والاستجمام، باستثناء المقامرة
Lodging Managers,مديرو السكن
Medical and Health Services Managers,مدراء الخدمات الطبية والصحية
Natural Sciences Managers,مدراء العلوم الطبيعية
Postmasters and Mail Superintendents,مشرفو البريد ومشرفو البريد
"Property, Real Estate, and Community Association Managers",مديرو الجمعيات العقارية والعقارية والمجتمعية
Social and Community Service Managers,مدراء الخدمة الاجتماعية والمجتمعية
Emergency Management Directors,مديرو إدارة الطوارئ
Personal Service Managers,مدراء الخدمات الشخصية
Funeral Home Managers,مديرو بيوت الجنازات
"Personal Service Managers, All Other",مدراء الخدمات الشخصية، كل ما عدا ذلك
"Managers, All Other",المديرون، كل ما عدا ذلك
Business and Financial Operations Occupations,مهن العمليات التجارية والمالية
Business Operations Specialists,أخصائيو العمليات التجارية
"Agents and Business Managers of Artists, Performers, and Athletes",وكلاء ومديري أعمال الفنانين وفناني الأداء والرياضيين
Buyers and Purchasing Agents,المشترون ووكلاء الشراء
"Claims Adjusters, Appraisers, Examiners, and Investigators",مصححو المطالبات والمثمنون والفاحصون والمحققون
"Claims Adjusters, Examiners, and Investigators",مصححو المطالبات والفاحصون والمحققون
"Insurance Appraisers, Auto Damage",مقدرو التأمين، أضرار السيارات
Compliance Officers,مسؤولو الامتثال
Cost Estimators,مقدرو التكاليف
Human Resources Workers,عمال الموارد البشرية
Human Resources Specialists,أخصائيو الموارد البشرية
Farm Labor Contractors,مقاولو العمالة الزراعية
Labor Relations Specialists,أخصائيو علاقات العمل
Logisticians and Project Management Specialists,أخصائيو الخدمات اللوجستية وإدارة المشاريع
Logisticians,أخصائيو الخدمات اللوجستية
Project Management Specialists,أخصائيو إدارة المشاريع
Management Analysts,محللو الإدارة
"Meeting, Convention, and Event Planners",مخططو الاجتماعات والمؤتمرات والفعاليات
Fundraisers,جمع التبرعات
"Compensation, Benefits, and Job Analysis Specialists",أخصائيو التعويضات والمزايا وتحليل الوظائف
Training and Development Specialists,أخصائيو التدريب والتطوير
Market Research Analysts and Marketing Specialists,محللو أبحاث السوق وأخصائيو التسويق
"Business Operations Specialists, All Other",أخصائيو العمليات التجارية، كل ما عدا ذلك
Financial Specialists,المتخصصون الماليون
Accountants and Auditors,المحاسبون والمراجعون
Property Appraisers and Assessors,المثمنون العقاريون والمقيمون
Budget Analysts,محللو الميزانية
Credit Analysts,محللو الائتمان
Financial Analysts and Advisors,المحللون والمستشارون الماليون
Financial and Investment Analysts,محللو المالية والاستثمار
Personal Financial Advisors,المستشارون الماليون الشخصيون
Insurance Underwriters,مكتتبو التأمين
Financial Risk Specialists,أخصائيو المخاطر المالية
Financial Examiners,الفاحصون الماليون
Credit Counselors and Loan Officers,مستشارو الائتمان ومسؤولو القروض
Credit Counselors,مستشارو الائتمان
Loan Officers,موظفو القروض
"Tax Examiners, Collectors and Preparers, and Revenue Agents",فاحصو الضرائب وجامعوها ومعدوها ووكلاء الإيرادات
"Tax Examiners and Collectors, and Revenue Agents",فاحصو الضرائب وجامعوها ووكلاء الإيرادات
Tax Preparers,معدو الضرائب
"Financial Specialists, All Other",المتخصصون الماليون، كل ما عدا ذلك
Computer and Mathematical Occupations,مهن الكمبيوتر والرياضيات
Computer Occupations,مهن الكمبيوتر
Computer and Information Analysts,محللو الحاسوب والمعلومات
Computer Systems Analysts,محللو أنظمة الكمبيوتر
Information Security Analysts,محللو أمن المعلومات
Computer and Information Research Scientists,علماء بحوث الحاسوب والمعلومات
Computer Support Specialists,أخصائيو دعم الكمبيوتر
Computer Network Support Specialists,أخصائيو دعم شبكات الكمبيوتر
Computer User Support Specialists,أخصائيو دعم مستخدمي الكمبيوتر
Database and Network Administrators and Architects,مسؤولو قواعد البيانات والشبكات والمهندسون المعماريون
Computer Network Architects,مهندسو شبكات الكمبيوتر
Database Administrators,مسؤولو قواعد البيانات
Database Architects,مهندسو قواعد البيانات
Network and Computer Systems Administrators,مسؤولو أنظمة الشبكات والكمبيوتر
"Software and Web Developers, Programmers, and Testers",مطورو البرامج والويب والمبرمجون والمختبرون
Computer Programmers,مبرمجو الكمبيوتر
Software Developers,مطورو البرمجيات
Software Quality Assurance Analysts and Testers,محللو ومختبرو ضمان جودة البرمجيات
Web Developers,مطورو الويب
Web and Digital Interface Designers,مصممو الويب والواجهة الرقمية
"Computer Occupations, All Other","مهن الكمبيوتر, كل ما عدا ذلك"
Mathematical Science Occupations,مهن العلوم الرياضية
Actuaries,الاكتواريين
Mathematicians,علماء الرياضيات
Operations Research Analysts,محللو بحوث العمليات
Statisticians,الاحصائيين
Data Scientists,علماء البيانات
"Mathematical Science Occupations, All Other","مهن العلوم الرياضية, كل ما عدا ذلك"
Architecture and Engineering Occupations,الهندسة المعمارية والمهن الهندسية
"Architects, Surveyors, and Cartographers",المهندسون المعماريون والمساحون ورسامي الخرائط
"Architects, Except Naval",المهندسين المعماريين ، باستثناء البحرية
"Architects, Except Landscape and Naval",المهندسين المعماريين ، باستثناء المناظر الطبيعية والبحرية
Landscape Architects,مهندسو المناظر الطبيعية
"Surveyors, Cartographers, and Photogrammetrists",المساحون ورسامو الخرائط ورسامو الصور التصويرية
Cartographers and Photogrammetrists,رسامي الخرائط ورسامي الصور التصويرية
Surveyors,المساحين
Engineers,مهندسون
Aerospace Engineers,مهندسو الطيران
Agricultural Engineers,مهندسون زراعيون
Bioengineers and Biomedical Engineers,المهندسون الحيويون والمهندسون الطبيون الحيويون
Chemical Engineers,مهندسون كيميائيون
Civil Engineers,مهندسون مدنيون
Computer Hardware Engineers,مهندسو أجهزة الكمبيوتر
Electrical and Electronics Engineers,مهندسو الكهرباء والإلكترونيات
Electrical Engineers,مهندسون كهربائيون
"Electronics Engineers, Except Computer",مهندسو الإلكترونيات، باستثناء الكمبيوتر
Environmental Engineers,مهندسو البيئة
"Industrial Engineers, Including Health and Safety",المهندسون الصناعيون، بما في ذلك الصحة والسلامة
"Health and Safety Engineers, Except Mining Safety Engineers and Inspectors",مهندسو الصحة والسلامة، باستثناء مهندسي ومفتشي سلامة التعدين
Industrial Engineers,مهندسون صناعيون
Marine Engineers and Naval Architects,المهندسون البحريون والمهندسون المعماريون البحريون
Materials Engineers,مهندسو المواد
Mechanical Engineers,مهندسون ميكانيكيون
"Mining and Geological Engineers, Including Mining Safety Engineers",مهندسو التعدين والجيولوجيا، بما في ذلك مهندسو سلامة التعدين
Nuclear Engineers,مهندسون نوويون
Petroleum Engineers,مهندسو البترول
"Engineers, All Other",المهندسون، كل ما عدا ذلك
"Drafters, Engineering Technicians, and Mapping Technicians",الصياغون والفنيون الهندسيون وفنيو رسم الخرائط
Drafters,واضعي
Architectural and Civil Drafters,الرسامون المعماريون والمدنيون
Electrical and Electronics Drafters,واضعو الأجهزة الكهربائية والإلكترونية
Mechanical Drafters,الصياغات الميكانيكية
"Drafters, All Other",الصياغون ، كل ما عدا ذلك
"Engineering Technologists and Technicians, Except Drafters",التقنيون والفنيون الهندسيون، باستثناء واضعي الصياغة
Aerospace Engineering and Operations Technologists and Technicians,تقنيو وفنيو هندسة الطيران والعمليات
Civil Engineering Technologists and Technicians,تقنيو وفنيو الهندسة المدنية
Electrical and Electronic Engineering Technologists and Technicians,تقنيو وفنيو الهندسة الكهربائية والإلكترونية
Electro-Mechanical and Mechatronics Technologists and Technicians,تقنيو وفنيو الكهروميكانيكية والميكاترونكس
Environmental Engineering Technologists and Technicians,تقنيو وفنيو الهندسة البيئية
Industrial Engineering Technologists and Technicians,تقنيو وفنيو الهندسة الصناعية
Mechanical Engineering Technologists and Technicians,تقنيو وفنيو الهندسة الميكانيكية
Calibration Technologists and Technicians,تقنيو وفنيو المعايرة
"Engineering Technologists and Technicians, Except Drafters, All Other",التقنيون والفنيون الهندسيون، باستثناء الصياغين، وجميع الآخرين
Surveying and Mapping Technicians,فنيو المساحة ورسم الخرائط
"Life, Physical, and Social Science Occupations",الحياة ، والمهن الفيزيائية ، والعلوم الاجتماعية
Life Scientists,علماء الحياة
Agricultural and Food Scientists,علماء الزراعة والأغذية
Animal Scientists,علماء الحيوان
Food Scientists and Technologists,علماء وتقنيو الأغذية
Soil and Plant Scientists,علماء التربة والنبات
Biological Scientists,علماء الأحياء
Biochemists and Biophysicists,علماء الكيمياء الحيوية والفيزياء الحيوية
Microbiologists,علماء الأحياء الدقيقة
Zoologists and Wildlife Biologists,علماء الحيوان والأحياء البرية
"Biological Scientists, All Other",علماء البيولوجيا، كل ما عدا ذلك
Conservation Scientists and Foresters,علماء الحفظ والغابات
Conservation Scientists,علماء الحفظ
Foresters,الغابات
Medical Scientists,علماء الطب
Epidemiologists,علماء الأوبئة
"Medical Scientists, Except Epidemiologists",علماء الطب، باستثناء علماء الأوبئة
"Life Scientists, All Other",علماء الحياة، كل ما عدا ذلك
Physical Scientists,علماء الفيزياء
Astronomers and Physicists,علماء الفلك والفيزيائيون
Astronomers,علماء الفلك
Physicists,الفيزيائيين
Atmospheric and Space Scientists,علماء الغلاف الجوي والفضاء
Chemists and Materials Scientists,الكيميائيون وعلماء المواد
Chemists,الكيميائيين
Materials Scientists,علماء المواد
Environmental Scientists and Geoscientists,علماء البيئة وعلماء الجيولوجيا
"Environmental Scientists and Specialists, Including Health",علماء البيئة والمتخصصون، بما في ذلك الصحة
"Geoscientists, Except Hydrologists and Geographers",علماء الجيولوجيا، باستثناء الهيدرولوجيين والجغرافيين
Hydrologists,الهيدرولوجيون
"Physical Scientists, All Other",علماء الفيزياء ، كل شيء آخر
Social Scientists and Related Workers,علماء الاجتماع والعاملون ذوو الصلة
Economists,الاقتصاديين
Survey Researchers,الباحثون المسوحون
Psychologists,علماء النفس
Industrial-Organizational Psychologists,علماء النفس الصناعيون التنظيميون
Clinical and Counseling Psychologists,أخصائيو علم النفس السريري والإرشادي
School Psychologists,علماء النفس المدرسي
"Psychologists, All Other",علماء النفس، كل شيء آخر
Sociologists,علماء الاجتماع
Urban and Regional Planners,المخططون الحضريون والإقليميون
Miscellaneous Social Scientists and Related Workers,علماء الاجتماع المتنوعون والعاملون ذوو الصلة
Anthropologists and Archeologists,علماء الأنثروبولوجيا وعلماء الآثار
Geographers,الجغرافيين
Historians,المؤرخون
Political Scientists,علماء السياسة
"Social Scientists and Related Workers, All Other",علماء الاجتماع والعاملون ذوو الصلة، وغيرهم
"Life, Physical, and Social Science Technicians",فنيو الحياة والفيزياء والعلوم الاجتماعية
Agricultural and Food Science Technicians,فنيو العلوم الزراعية والغذائية
Agricultural Technicians,الفنيون الزراعيون
Food Science Technicians,فنيي علوم الأغذية
Biological Technicians,الفنيون البيولوجيون
Chemical Technicians,الفنيون الكيميائيون
Environmental Science and Geoscience Technicians,فنيو العلوم البيئية وعلوم الأرض
"Environmental Science and Protection Technicians, Including Health",فنيو علوم البيئة وحمايتها، بما في ذلك الصحة
"Geological Technicians, Except Hydrologic Technicians",الفنيون الجيولوجيون، باستثناء الفنيين الهيدرولوجيين
Hydrologic Technicians,الفنيون الهيدرولوجيون
Nuclear Technicians,الفنيون النوويون
Social Science Research Assistants,مساعدو بحوث العلوم الاجتماعية
Forest and Conservation Technicians,فنيو الغابات والحفاظ عليها
"Miscellaneous Life, Physical, and Social Science Technicians",متفرقات الحياة ، والفيزياء ، وفنيي العلوم الاجتماعية
Forensic Science Technicians,فنيو علوم الطب الشرعي
"Life, Physical, and Social Science Technicians, All Other",فنيو الحياة والفيزياء والعلوم الاجتماعية ، كل شيء آخر
Occupational Health and Safety Specialists and Technicians,أخصائيو وفنيو الصحة والسلامة المهنية
Occupational Health and Safety Specialists,أخصائيو الصحة والسلامة المهنية
Occupational Health and Safety Technicians,فنيي الصحة والسلامة المهنية
Community and Social Service Occupations,مهن المجتمع والخدمة الاجتماعية
"Counselors, Social Workers, and Other Community and Social Service Specialists",المستشارون والأخصائيون الاجتماعيون وغيرهم من المتخصصين في الخدمة المجتمعية والاجتماعية
Counselors,المستشارين
"Educational, Guidance, and Career Counselors and Advisors",المرشدون والمستشارون التربويون والإرشاديون والمهنيين
Marriage and Family Therapists,معالجو الزواج والأسرة
Rehabilitation Counselors,مستشارو إعادة التأهيل
"Substance Abuse, Behavioral Disorder, and Mental Health Counselors",تعاطي المخدرات والاضطراب السلوكي ومستشاري الصحة العقلية
"Counselors, All Other",المستشارون، كل ما عدا ذلك
Social Workers,الأخصائيون الاجتماعيون
"Child, Family, and School Social Workers",الأخصائيون الاجتماعيون للأطفال والأسرة والمدارس
Healthcare Social Workers,الأخصائيون الاجتماعيون في مجال الرعاية الصحية
Mental Health and Substance Abuse Social Workers,الصحة العقلية وتعاطي المخدرات الأخصائيين الاجتماعيين
"Social Workers, All Other",الأخصائيون الاجتماعيون ، كل شيء آخر
Miscellaneous Community and Social Service Specialists,أخصائيو خدمة مجتمعية واجتماعية متنوعة
Health Education Specialists,أخصائيو التثقيف الصحي
Probation Officers and Correctional Treatment Specialists,ضباط المراقبة وأخصائيو العلاج الإصلاحي
Social and Human Service Assistants,مساعدو الخدمة الاجتماعية والإنسانية
Community Health Workers,العاملون الصحيون المجتمعيون
"Community and Social Service Specialists, All Other",أخصائيو المجتمع والخدمة الاجتماعية، كل ما عدا ذلك
Religious Workers,العاملون الدينيون
Clergy,رجال الدين
"Directors, Religious Activities and Education",مديرو الأنشطة الدينية والتعليم
"Religious Workers, All Other",العاملون الدينيون، كل ما عدا ذلك
Legal Occupations,المهن القانونية
"Lawyers, Judges, and Related Workers",المحامون والقضاة والعمال ذوو الصلة
Lawyers and Judicial Law Clerks,المحامون وكتبة القانون القضائي
Lawyers,المحامون
Judicial Law Clerks,كتبة القانون القضائي
"Judges, Magistrates, and Other Judicial Workers",القضاة والقضاة وغيرهم من العاملين في المجال القضائي
"Administrative Law Judges, Adjudicators, and Hearing Officers",قضاة القانون الإداري والقضاة وموظفو جلسات الاستماع
"Arbitrators, Mediators, and Conciliators",المحكمون والوسطاء والموفقون
"Judges, Magistrate Judges, and Magistrates",القضاة وقضاة الصلح والقضاة
Legal Support Workers,عمال الدعم القانوني
Paralegals and Legal Assistants,المساعدون القانونيون والمساعدون القانونيون
Miscellaneous Legal Support Workers,عمال الدعم القانوني المتنوعون
"Title Examiners, Abstractors, and Searchers",فاحصو العناوين والملخصون والباحثون
"Legal Support Workers, All Other",عمال الدعم القانوني، جميع الجهات الأخرى
Educational Instruction and Library Occupations,التعليم التربوي ومهن المكتبات
Postsecondary Teachers,معلمو ما بعد المرحلة الثانوية
"Business Teachers, Postsecondary",معلمو الأعمال، ما بعد المرحلة الثانوية
"Math and Computer Science Teachers, Postsecondary",مدرسو الرياضيات وعلوم الكمبيوتر، ما بعد المرحلة الثانوية
"Computer Science Teachers, Postsecondary",معلمو علوم الكمبيوتر، ما بعد المرحلة الثانوية
"Mathematical Science Teachers, Postsecondary",معلمو العلوم الرياضية، ما بعد المرحلة الثانوية
"Engineering and Architecture Teachers, Postsecondary",مدرسو الهندسة والعمارة، ما بعد المرحلة الثانوية
"Architecture Teachers, Postsecondary",مدرسو الهندسة المعمارية، ما بعد المرحلة الثانوية
"Engineering Teachers, Postsecondary",مدرسو الهندسة، ما بعد المرحلة الثانوية
"Life Sciences Teachers, Postsecondary",معلمو علوم الحياة، ما بعد المرحلة الثانوية
"Agricultural Sciences Teachers, Postsecondary",معلمو العلوم الزراعية، ما بعد المرحلة الثانوية
"Biological Science Teachers, Postsecondary",معلمو العلوم البيولوجية، ما بعد المرحلة الثانوية
"Forestry and Conservation Science Teachers, Postsecondary",معلمو علوم الغابات والحفظ، ما بعد المرحلة الثانوية
"Physical Sciences Teachers, Postsecondary",معلمو العلوم الفيزيائية، ما بعد المرحلة الثانوية
"Atmospheric, Earth, Marine, and Space Sciences Teachers, Postsecondary",معلمو علوم الغلاف الجوي والأرض والبحرية والفضاء ، ما بعد المرحلة الثانوية
"Chemistry Teachers, Postsecondary",معلمو الكيمياء، ما بعد المرحلة الثانوية
"Environmental Science Teachers, Postsecondary",معلمو العلوم البيئية، ما بعد المرحلة الثانوية
"Physics Teachers, Postsecondary",مدرسو الفيزياء، ما بعد المرحلة الثانوية
"Social Sciences Teachers, Postsecondary",معلمو العلوم الاجتماعية، ما بعد المرحلة الثانوية
"Anthropology and Archeology Teachers, Postsecondary",مدرسو الأنثروبولوجيا والآثار، ما بعد المرحلة الثانوية
"Area, Ethnic, and Cultural Studies Teachers, Postsecondary",معلمو الدراسات العرقية والثقافية في المنطقة والإثنية والثقافية، ما بعد المرحلة الثانوية
"Economics Teachers, Postsecondary",مدرسو الاقتصاد، ما بعد المرحلة الثانوية
"Geography Teachers, Postsecondary",مدرسو الجغرافيا، ما بعد المرحلة الثانوية
"Political Science Teachers, Postsecondary",مدرسو العلوم السياسية، ما بعد المرحلة الثانوية
"Psychology Teachers, Postsecondary",معلمو علم النفس، ما بعد المرحلة الثانوية
"Sociology Teachers, Postsecondary",مدرسو علم الاجتماع، ما بعد المرحلة الثانوية
"Social Sciences Teachers, Postsecondary, All Other","معلمو العلوم الاجتماعية, ما بعد المرحلة الثانوية, كل شيء آخر"
"Health Teachers, Postsecondary",معلمو الصحة، ما بعد المرحلة الثانوية
"Health Specialties Teachers, Postsecondary",معلمو التخصصات الصحية، ما بعد المرحلة الثانوية
"Nursing Instructors and Teachers, Postsecondary",مدربو ومعلمو التمريض، ما بعد المرحلة الثانوية
"Education and Library Science Teachers, Postsecondary",معلمو التعليم وعلوم المكتبات، ما بعد المرحلة الثانوية
"Education Teachers, Postsecondary",معلمو التعليم، ما بعد المرحلة الثانوية
"Library Science Teachers, Postsecondary",معلمو علوم المكتبات، ما بعد المرحلة الثانوية
"Law, Criminal Justice, and Social Work Teachers, Postsecondary",معلمو القانون والعدالة الجنائية والعمل الاجتماعي ، ما بعد المرحلة الثانوية
"Criminal Justice and Law Enforcement Teachers, Postsecondary",مدرسو العدالة الجنائية وإنفاذ القانون، ما بعد المرحلة الثانوية
"Law Teachers, Postsecondary",مدرسو القانون، ما بعد المرحلة الثانوية
"Social Work Teachers, Postsecondary",معلمو العمل الاجتماعي ، ما بعد المرحلة الثانوية
"Arts, Communications, History, and Humanities Teachers, Postsecondary",معلمو الفنون والاتصالات والتاريخ والعلوم الإنسانية، ما بعد المرحلة الثانوية
"Art, Drama, and Music Teachers, Postsecondary",معلمو الفنون والدراما والموسيقى، ما بعد المرحلة الثانوية
"Communications Teachers, Postsecondary",معلمو الاتصالات، ما بعد المرحلة الثانوية
"English Language and Literature Teachers, Postsecondary",مدرسو اللغة الإنجليزية وآدابها، ما بعد المرحلة الثانوية
"Foreign Language and Literature Teachers, Postsecondary",مدرسو اللغات الأجنبية وآدابها، ما بعد المرحلة الثانوية
"History Teachers, Postsecondary",مدرسو التاريخ، ما بعد المرحلة الثانوية
"Philosophy and Religion Teachers, Postsecondary",مدرسو الفلسفة والدين، ما بعد المرحلة الثانوية
Miscellaneous Postsecondary Teachers,معلمو ما بعد المرحلة الثانوية المتنوعون
"Family and Consumer Sciences Teachers, Postsecondary",مدرسو علوم الأسرة والمستهلك، ما بعد المرحلة الثانوية
"Recreation and Fitness Studies Teachers, Postsecondary",مدرسو دراسات الترفيه واللياقة البدنية، ما بعد المرحلة الثانوية
"Career/Technical Education Teachers, Postsecondary","معلمو التعليم المهني/التقني, ما بعد الثانوي"
"Postsecondary Teachers, All Other",معلمو ما بعد المرحلة الثانوية، كل ما عدا ذلك
"Preschool, Elementary, Middle, Secondary, and Special Education Teachers",معلمو مرحلة ما قبل المدرسة والمرحلة الابتدائية والمتوسطة والثانوية والتربية الخاصة
Preschool and Kindergarten Teachers,معلمات رياض الأطفال ورياض الأطفال
"Preschool Teachers, Except Special Education",معلمو مرحلة ما قبل المدرسة، باستثناء التربية الخاصة
"Kindergarten Teachers, Except Special Education",معلمات رياض الأطفال، باستثناء التربية الخاصة
Elementary and Middle School Teachers,معلمو المدارس الابتدائية والمتوسطة
"Elementary School Teachers, Except Special Education",معلمو المدارس الابتدائية، باستثناء التربية الخاصة
"Middle School Teachers, Except Special and Career/Technical Education",معلمو المدارس المتوسطة، باستثناء التعليم الخاص والمهني / التقني
"Career/Technical Education Teachers, Middle School","معلمو التعليم المهني / التقني, المرحلة المتوسطة"
Secondary School Teachers,معلمو المدارس الثانوية
"Secondary School Teachers, Except Special and Career/Technical Education",معلمو المدارس الثانوية، باستثناء التعليم الخاص والمهني / التقني
"Career/Technical Education Teachers, Secondary School","معلمو التعليم المهني / التقني, مدرسة ثانوية"
Special Education Teachers,معلمو التربية الخاصة
"Special Education Teachers, Preschool",معلمو التربية الخاصة، مرحلة ما قبل المدرسة
"Special Education Teachers, Kindergarten and Elementary School",معلمو التربية الخاصة ورياض الأطفال والمدارس الابتدائية
"Special Education Teachers, Middle School",معلمو التربية الخاصة، المرحلة المتوسطة
"Special Education Teachers, Secondary School",معلمو التربية الخاصة، المدرسة الثانوية
"Special Education Teachers, All Other","معلمو التربية الخاصة, كل شيء آخر"
Other Teachers and Instructors,معلمون ومدربون آخرون
"Adult Basic Education, Adult Secondary Education, and English as a Second Language Instructors",التعليم الأساسي للكبار، والتعليم الثانوي للكبار، ومدرسي اللغة الإنجليزية كلغة ثانية
Self-Enrichment Teachers,معلمو الإثراء الذاتي
"Substitute Teachers, Short-Term",المعلمون البديلون، على المدى القصير
Tutors,المعلمون
"Teachers and Instructors, All Other",المعلمون والمدربون، كل ما عدا ذلك
"Librarians, Curators, and Archivists",أمناء المكتبات والقيمين وأمناء المحفوظات
"Archivists, Curators, and Museum Technicians",أمناء المحفوظات والقيمون الفنيون وفنيو المتاحف
Archivists,المحفوظات
Curators,القيمين
Museum Technicians and Conservators,فنيو المتاحف والمحافظون عليها
Librarians and Media Collections Specialists,أمناء المكتبات وأخصائيو المجموعات الإعلامية
Library Technicians,فنيو المكتبات
Other Educational Instruction and Library Occupations,التعليم التربوي الآخر ومهن المكتبات
Farm and Home Management Educators,معلمو إدارة المزارع والمنازل
Instructional Coordinators,المنسقون التعليميون
Teaching Assistants,المعيدين
"Teaching Assistants, Postsecondary",مساعدو التدريس، ما بعد المرحلة الثانوية
"Teaching Assistants, Except Postsecondary",المعيدين باستثناء ما بعد المرحلة الثانوية
"Educational Instruction and Library Workers, All Other",التعليم التربوي والعاملين في المكتبات، كل ما عدا ذلك
"Arts, Design, Entertainment, Sports, and Media Occupations",الفنون والتصميم والترفيه والرياضة والمهن الإعلامية
Art and Design Workers,عمال الفن والتصميم
Artists and Related Workers,الفنانون والعاملون ذوو الصلة
Art Directors,المديرون الفنيون
Craft Artists,فنانون حرفيون
"Fine Artists, Including Painters, Sculptors, and Illustrators",الفنانون التشكيليون، بما في ذلك الرسامون والنحاتون والرسامون
Special Effects Artists and Animators,فنانو المؤثرات الخاصة ورسامي الرسوم المتحركة
"Artists and Related Workers, All Other",الفنانون والعمال المرتبطون بهم، كل ما عدا ذلك
Designers,المصممين
Commercial and Industrial Designers,المصممون التجاريون والصناعيون
Fashion Designers,مصممو الأزياء
Floral Designers,مصممو الزهور
Graphic Designers,مصممو جرافيك
Interior Designers,مصممو الديكور الداخلي
Merchandise Displayers and Window Trimmers,مشغلات البضائع وأدوات تشذيب النوافذ
Set and Exhibit Designers,مصممو المجموعات والمعارض
"Designers, All Other",المصممون، كل ما عدا ذلك
"Entertainers and Performers, Sports and Related Workers",الفنانون وفنانو الأداء والرياضة والعاملون ذوو الصلة
"Actors, Producers, and Directors",الممثلون والمنتجون والمخرجون
Actors,الجهات الفاعله
Producers and Directors,المنتجون والمخرجون
"Athletes, Coaches, Umpires, and Related Workers",الرياضيون والمدربون والحكام والعاملون ذوو الصلة
Athletes and Sports Competitors,الرياضيون والمنافسون الرياضيون
Coaches and Scouts,المدربون والكشافة
"Umpires, Referees, and Other Sports Officials",الحكام والحكام وغيرهم من المسؤولين الرياضيين
Dancers and Choreographers,راقصون ومصممو رقصات
Dancers,الراقصون
Choreographers,مصممو الرقصات
"Musicians, Singers, and Related Workers",الموسيقيون والمغنون والعاملون ذوو الصلة
Music Directors and Composers,مديرو الموسيقى والملحنون
Musicians and Singers,الموسيقيون والمغنون
"Miscellaneous Entertainers and Performers, Sports and Related Workers",فنانون وفنانو أداء متنوعون ورياضيون وعاملون ذوو صلة
"Disc Jockeys, Except Radio",فرسان القرص، باستثناء الراديو
"Entertainers and Performers, Sports and Related Workers, All Other",الفنانون وفنانو الأداء ، الرياضة والعمال ذوو الصلة ، كل شيء آخر
Media and Communication Workers,العاملون في مجال الإعلام والاتصال
Broadcast Announcers and Radio Disc Jockeys,مذيعو البث وفرسان الأقراص الإذاعية
"News Analysts, Reporters, and Journalists",محللو الأخبار والمراسلون والصحفيون
Public Relations Specialists,أخصائيو العلاقات العامة
Writers and Editors,الكتاب والمحررون
Editors,المحررين
Technical Writers,الكتاب الفنيون
Writers and Authors,الكتاب والمؤلفون
Miscellaneous Media and Communication Workers,عاملون في مجال الإعلام والاتصال متنوعون
Interpreters and Translators,المترجمون الفوريون والمترجمون التحريريون
Court Reporters and Simultaneous Captioners,مراسلو المحاكم والمعلقون المتزامنون
"Media and Communication Workers, All Other",العاملون في مجال الإعلام والاتصال، وغيرهم
Media and Communication Equipment Workers,عمال معدات الإعلام والاتصالات
"Broadcast, Sound, and Lighting Technicians",فنيو البث والصوت والإضاءة
Audio and Video Technicians,فنيي الصوت والفيديو
Broadcast Technicians,فنيو البث
Sound Engineering Technicians,فنيي هندسة الصوت
Lighting Technicians,فنيو الإضاءة
Photographers,المصورين
"Television, Video, and Film Camera Operators and Editors",مشغلي ومحرري كاميرات التلفزيون والفيديو والأفلام
"Camera Operators, Television, Video, and Film",مشغلي الكاميرات والتلفزيون والفيديو والأفلام
Film and Video Editors,محررو الأفلام والفيديو
"Media and Communication Equipment Workers, All Other",عمال معدات الإعلام والاتصالات، جميع الآخرين
Healthcare Practitioners and Technical Occupations,ممارسو الرعاية الصحية والمهن الفنية
Healthcare Diagnosing or Treating Practitioners,تشخيص الرعاية الصحية أو علاج الممارسين
Chiropractors,تقويم العمود الفقري
Dentists,اطباء الاسنان
"Dentists, General",أطباء الأسنان، عام
Oral and Maxillofacial Surgeons,جراحو الفم والوجه والفكين
Orthodontists,أخصائيو تقويم الأسنان
Prosthodontists,أخصائيو التعويضات السنية
"Dentists, All Other Specialists",أطباء الأسنان، جميع المتخصصين الآخرين
Dietitians and Nutritionists,أخصائيو التغذية وأخصائيو التغذية
Optometrists,أخصائيو البصريات
Pharmacists,الصيادله
Physician Assistants,مساعدو الأطباء
Podiatrists,أطباء الأقدام
Therapists,المعالجون
Occupational Therapists,أخصائيو العلاج الوظيفي
Physical Therapists,أخصائيو العلاج الطبيعي
Radiation Therapists,أخصائيو العلاج الإشعاعي
Recreational Therapists,المعالجون الترفيهيون
Respiratory Therapists,أخصائيو العلاج التنفسي
Speech-Language Pathologists,أخصائيو أمراض النطق واللغة
Exercise Physiologists,فسيولوجيا التمارين الرياضية
"Therapists, All Other",المعالجون، كل شيء آخر
Veterinarians,الاطباء البيطريين
Registered Nurses,الممرضات المسجلات
Nurse Anesthetists,ممرضة تخدير
Nurse Midwives,ممرضة قابلات
Nurse Practitioners,الممرضات الممارسات
Audiologists,أخصائيو السمع
Physicians,أطباء
Anesthesiologists,أطباء التخدير
Cardiologists,أطباء القلب
Dermatologists,الامراض الجلديه
Emergency Medicine Physicians,أطباء طب الطوارئ
Family Medicine Physicians,أطباء طب الأسرة
General Internal Medicine Physicians,أطباء الباطنة العامة
Neurologists,أطباء الأعصاب
Obstetricians and Gynecologists,أطباء النساء والتوليد
"Pediatricians, General",أطباء الأطفال، عام
"Physicians, Pathologists","الأطباء, أخصائيو علم الأمراض"
Psychiatrists,الاطباء النفسيين
Radiologists,الاشعه
"Physicians, All Other",الأطباء، كل ما عدا ذلك
Surgeons,الجراحين
"Ophthalmologists, Except Pediatric",أطباء العيون، باستثناء طب الأطفال
"Orthopedic Surgeons, Except Pediatric",جراحو العظام، باستثناء طب الأطفال
Pediatric Surgeons,جراحو الأطفال
"Surgeons, All Other",الجراحون، كل ما عدا ذلك
Miscellaneous Healthcare Diagnosing or Treating Practitioners,تشخيص أو علاج الممارسين في مجال الرعاية الصحية المتنوعة
Acupuncturists,أخصائيو الوخز بالإبر
Dental Hygienists,أخصائيو صحة الأسنان
"Healthcare Diagnosing or Treating Practitioners, All Other",تشخيص الرعاية الصحية أو علاج الممارسين ، كل ما عدا ذلك
Health Technologists and Technicians,تقنيو وفنيو الصحة
Clinical Laboratory Technologists and Technicians,تقنيو وفنيو المختبرات السريرية
Diagnostic Related Technologists and Technicians,التقنيون والفنيون ذوو الصلة بالتشخيص
Cardiovascular Technologists and Technicians,تقنيو وفنيو القلب والأوعية الدموية
Diagnostic Medical Sonographers,أخصائيو التصوير بالموجات فوق الصوتية الطبية التشخيصية
Nuclear Medicine Technologists,تقنيو الطب النووي
Radiologic Technologists and Technicians,تقنيو وفنيو الأشعة
Magnetic Resonance Imaging Technologists,تقنيو التصوير بالرنين المغناطيسي
Medical Dosimetrists,أخصائيو قياس الجرعات الطبية
Emergency Medical Technicians and Paramedics,فنيو الطوارئ الطبية والمسعفون
Emergency Medical Technicians,فنيو الطوارئ الطبية
Paramedics,المسعفين
Health Practitioner Support Technologists and Technicians,تقنيو وفنيو دعم الممارسين الصحيين
Dietetic Technicians,فنيو التغذية
Pharmacy Technicians,فنيو الصيدلة
Psychiatric Technicians,فنيو الطب النفسي
Surgical Technologists,تقنيو الجراحة
Veterinary Technologists and Technicians,تقنيون وفنيون بيطريون
Ophthalmic Medical Technicians,فنيو طب العيون
Licensed Practical and Licensed Vocational Nurses,ممرضات مهنيات عمليات مرخصات ومرخصات
Medical Records Specialists,أخصائيو السجلات الطبية
"Opticians, Dispensing","أخصائيو البصريات, الاستغناء"
Miscellaneous Health Technologists and Technicians,تقنيون وفنيون صحيون متنوعون
Orthotists and Prosthetists,أخصائيو تقويم العظام والأطراف الاصطناعية
Hearing Aid Specialists,أخصائيو السمع
"Health Technologists and Technicians, All Other",تقنيو وفنيو الصحة، كل ما عدا ذلك
Other Healthcare Practitioners and Technical Occupations,ممارسو الرعاية الصحية الآخرون والمهن الفنية
Health Information Technologists and Medical Registrars,تقنيو المعلومات الصحية والمسجلون الطبيون
Miscellaneous Health Practitioners and Technical Workers,ممارسون صحيون متنوعون وعاملون فنيون
Athletic Trainers,المدربون الرياضيون
Genetic Counselors,مستشارو الوراثة
Surgical Assistants,المساعدون الجراحيون
"Healthcare Practitioners and Technical Workers, All Other",ممارسو الرعاية الصحية والعاملون الفنيون، وغيرهم
Healthcare Support Occupations,مهن دعم الرعاية الصحية
"Home Health and Personal Care Aides; and Nursing Assistants, Orderlies, and Psychiatric Aides",الصحة المنزلية ومساعدي العناية الشخصية ؛ ومساعدي التمريض والنظاميين والمساعدين النفسيين
Home Health and Personal Care Aides,الصحة المنزلية ومساعدو العناية الشخصية
"Nursing Assistants, Orderlies, and Psychiatric Aides",مساعدو التمريض والمنظمون والمساعدون النفسيون
Nursing Assistants,مساعدو التمريض
Orderlies,الحجاب
Psychiatric Aides,المساعدون النفسيون
Occupational Therapy and Physical Therapist Assistants and Aides,مساعدو ومساعدو العلاج الوظيفي والعلاج الطبيعي
Occupational Therapy Assistants and Aides,مساعدو ومساعدو العلاج الوظيفي
Occupational Therapy Assistants,مساعدو العلاج الوظيفي
Occupational Therapy Aides,مساعدو العلاج الوظيفي
Physical Therapist Assistants and Aides,مساعدو ومساعدو أخصائي العلاج الطبيعي
Physical Therapist Assistants,مساعدو العلاج الطبيعي
Physical Therapist Aides,مساعدو العلاج الطبيعي
Other Healthcare Support Occupations,مهن دعم الرعاية الصحية الأخرى
Massage Therapists,معالجو التدليك
Miscellaneous Healthcare Support Occupations,مهن متنوعة لدعم الرعاية الصحية
Dental Assistants,مساعدو طب الأسنان
Medical Assistants,المساعدون الطبيون
Medical Equipment Preparers,معدو المعدات الطبية
Medical Transcriptionists,الناسخون الطبيون
Pharmacy Aides,مساعدو الصيدلة
Veterinary Assistants and Laboratory Animal Caretakers,المساعدون البيطريون ومقدمو الرعاية لحيوانات المختبر
Phlebotomists,علماء الفصد
"Healthcare Support Workers, All Other",العاملون في مجال دعم الرعاية الصحية، كل ما عدا ذلك
Protective Service Occupations,مهن الخدمات الوقائية
Supervisors of Protective Service Workers,المشرفون على عمال الخدمات الوقائية
First-Line Supervisors of Law Enforcement Workers,مشرفو الخط الأول على الموظفين المكلفين بإنفاذ القانون
First-Line Supervisors of Correctional Officers,مشرفو الخط الأول على موظفي الإصلاحيات
First-Line Supervisors of Police and Detectives,مشرفو الخط الأول للشرطة والمحققين
First-Line Supervisors of Firefighting and Prevention Workers,مشرفو الخط الأول من عمال مكافحة الحرائق والوقاية منها
"Miscellaneous First-Line Supervisors, Protective Service Workers",مشرفو الخط الأول المتنوعون، عمال خدمات الحماية
First-Line Supervisors of Security Workers,مشرفو الخط الأول على عمال الأمن
"First-Line Supervisors of Protective Service Workers, All Other",مشرفو الخط الأول على عمال الخدمات الوقائية، وجميعهم
Firefighting and Prevention Workers,عمال مكافحة الحرائق والوقاية منها
Firefighters,رجال الاطفاء
Fire Inspectors,مفتشو الإطفاء
Fire Inspectors and Investigators,مفتشو الحرائق والمحققون
Forest Fire Inspectors and Prevention Specialists,مفتشو حرائق الغابات وأخصائيو الوقاية منها
Law Enforcement Workers,العاملون في مجال إنفاذ القانون
"Bailiffs, Correctional Officers, and Jailers",المحضرون وموظفو الإصلاحيات والسجانون
Bailiffs,المحضرون
Correctional Officers and Jailers,ضباط الإصلاحيات والسجانين
Detectives and Criminal Investigators,المحققون والمحققون الجنائيون
Fish and Game Wardens,الأسماك وحراس اللعبة
Parking Enforcement Workers,عمال إنفاذ قوانين وقوف السيارات
Police Officers,ضباط الشرطة
Police and Sheriff's Patrol Officers,الشرطة وضباط دوريات المأمور
Transit and Railroad Police,شرطة النقل والسكك الحديدية
Other Protective Service Workers,عمال خدمات الحماية الآخرون
Animal Control Workers,عمال مراقبة الحيوانات
Private Detectives and Investigators,المحققون والمحققون الخاصون
Security Guards and Gambling Surveillance Officers,حراس الأمن وضباط مراقبة المقامرة
Gambling Surveillance Officers and Gambling Investigators,ضباط مراقبة المقامرة ومحققو المقامرة
Security Guards,حراس الأمن
Miscellaneous Protective Service Workers,عمال خدمات الحماية المتنوعة
Crossing Guards and Flaggers,حراس العبور والفلاجر
"Lifeguards, Ski Patrol, and Other Recreational Protective Service Workers",رجال الإنقاذ ودوريات التزلج وغيرهم من العاملين في خدمات الحماية الترفيهية
Transportation Security Screeners,أجهزة فحص أمن النقل
School Bus Monitors,مراقبو الحافلات المدرسية
"Protective Service Workers, All Other",عمال الخدمات الوقائية، كل ما عدا ذلك
Food Preparation and Serving Related Occupations,إعداد الطعام وخدمة المهن ذات الصلة
Supervisors of Food Preparation and Serving Workers,المشرفون على عمال إعداد الطعام وخدمته
Chefs and Head Cooks,الطهاة والطهاة الرئيسيون
First-Line Supervisors of Food Preparation and Serving Workers,مشرفو الخط الأول على عمال إعداد الطعام وخدمته
Cooks and Food Preparation Workers,الطهاة وعمال إعداد الطعام
Cooks,الطهاه
"Cooks, Fast Food","طهاة, وجبات سريعة"
"Cooks, Institution and Cafeteria",الطهاة والمؤسسات والكافتيريا
"Cooks, Private Household","طهاة, منزلي خاص"
"Cooks, Restaurant","طهاة, مطعم"
"Cooks, Short Order","الطهاة, طلب قصير"
"Cooks, All Other","الطهاة, كل شيء آخر"
Food Preparation Workers,عمال إعداد الطعام
Food and Beverage Serving Workers,عمال خدمة الأغذية والمشروبات
Bartenders,السقاه
Fast Food and Counter Workers,عمال الوجبات السريعة والكاونتر
Waiters and Waitresses,النوادل والنادلات
"Food Servers, Nonrestaurant","خوادم الطعام, غير المطاعم"
Other Food Preparation and Serving Related Workers,إعداد الطعام الأخرى وخدمة العمال ذوي الصلة
Dining Room and Cafeteria Attendants and Bartender Helpers,غرفة الطعام والكافتيريا المضيفين ومساعدي النادل
Dishwashers,غسالات الصحون
"Hosts and Hostesses, Restaurant, Lounge, and Coffee Shop",المضيفون والمضيفات والمطعم والصالة والمقهى
"Food Preparation and Serving Related Workers, All Other",إعداد الطعام وخدمة العمال ذوي الصلة ، وجميع العوامل الأخرى
Building and Grounds Cleaning and Maintenance Occupations,مهن تنظيف وصيانة المباني والأراضي
First-Line Supervisors of Building and Grounds Cleaning and Maintenance Workers,مشرفو الخط الأول لعمال تنظيف وصيانة المباني والأراضي
First-Line Supervisors of Housekeeping and Janitorial Workers,مشرفو الخط الأول من عمال التدبير المنزلي وعمال النظافة
"First-Line Supervisors of Landscaping, Lawn Service, and Groundskeeping Workers",مشرفو الخط الأول على المناظر الطبيعية وخدمة العشب وعمال صيانة الأراضي
Building Cleaning and Pest Control Workers,عمال تنظيف المباني ومكافحة الحشرات
Building Cleaning Workers,عمال تنظيف المباني
"Janitors and Cleaners, Except Maids and Housekeeping Cleaners",عمال النظافة وعمال النظافة، باستثناء الخادمات ومنظفات التدبير المنزلي
Maids and Housekeeping Cleaners,الخادمات ومنظفات التدبير المنزلي
"Building Cleaning Workers, All Other",عمال تنظيف المباني، كل ما عدا ذلك
Pest Control Workers,عمال مكافحة الحشرات
Grounds Maintenance Workers,عمال صيانة الأراضي
Landscaping and Groundskeeping Workers,عمال تنسيق الحدائق وصيانة الأراضي
"Pesticide Handlers, Sprayers, and Applicators, Vegetation",مناولة المبيدات الحشرية ، الرشاشات ، والتطبيقات ، الغطاء النباتي
Tree Trimmers and Pruners,شجرة تشذيب و Pruners
"Grounds Maintenance Workers, All Other",عمال صيانة الأراضي، كل ما عدا ذلك
Personal Care and Service Occupations,العناية الشخصية ومهن الخدمات
Supervisors of Personal Care and Service Workers,المشرفون على العاملين في مجال العناية الشخصية والخدمات
First-Line Supervisors of Entertainment and Recreation Workers,مشرفو الخط الأول على العاملين في مجال الترفيه والتسلية
First-Line Supervisors of Gambling Services Workers,مشرفو الخط الأول على عمال خدمات المقامرة
"First-Line Supervisors of Entertainment and Recreation Workers, Except Gambling Services",مشرفو الخط الأول على عمال الترفيه والاستجمام، باستثناء خدمات المقامرة
First-Line Supervisors of Personal Service Workers,مشرفو الخط الأول على العاملين في الخدمة الشخصية
Animal Care and Service Workers,العاملون في مجال رعاية الحيوانات والخدمات
Animal Trainers,مدربو الحيوانات
Animal Caretakers,القائمون على رعاية الحيوانات
Entertainment Attendants and Related Workers,القائمون على الترفيه والعاملون ذوو الصلة
Gambling Services Workers,عمال خدمات المقامرة
Gambling Dealers,تجار المقامرة
Gambling and Sports Book Writers and Runners,كتاب وعدائين كتب المقامرة والرياضة
"Gambling Service Workers, All Other",عمال خدمات المقامرة، كل ما عدا ذلك
Motion Picture Projectionists,القائمون على عرض الصور المتحركة
"Ushers, Lobby Attendants, and Ticket Takers",المرشدون والحاضرون في اللوبي وحاملو التذاكر
Miscellaneous Entertainment Attendants and Related Workers,متفرقات من العاملين في مجال الترفيه والعمال ذوي الصلة
Amusement and Recreation Attendants,المرافقون للتسلية والترفيه
Costume Attendants,المرافقون في الأزياء
"Locker Room, Coatroom, and Dressing Room Attendants",غرفة خلع الملابس ، غرفة المعاطف ، ومضيفات غرفة الملابس
"Entertainment Attendants and Related Workers, All Other",العاملون في مجال الترفيه والعمال المرتبطون به ، كل ما عدا ذلك
Funeral Service Workers,عمال خدمة الجنازات
Embalmers and Crematory Operators,المحنطون ومشغلو المحارق
Embalmers,المحنطون
Crematory Operators,مشغلي محارق الجثث
Funeral Attendants,حضور الجنازات
"Morticians, Undertakers, and Funeral Arrangers",المورتيكيون والمتعهدون ومنظمو الجنازات
Personal Appearance Workers,عمال المظهر الشخصي
"Barbers, Hairdressers, Hairstylists and Cosmetologists",الحلاقون ومصففو الشعر ومصففو الشعر وأخصائيو التجميل
Barbers,الحلاقين
"Hairdressers, Hairstylists, and Cosmetologists",مصففي الشعر ومصففي الشعر وأخصائيي التجميل
Miscellaneous Personal Appearance Workers,عمال المظهر الشخصي المتنوع
"Makeup Artists, Theatrical and Performance",فنانو المكياج والمسرح والأداء
Manicurists and Pedicurists,أخصائيو تجميل الأظافر وأخصائيو العناية بالأقدام
Shampooers,الشامبو
Skincare Specialists,أخصائيو العناية بالبشرة
"Baggage Porters, Bellhops, and Concierges",حمالو الأمتعة وبيلهوبس والكونسيرج
Baggage Porters and Bellhops,حمالو الأمتعة وبيلهوبس
Concierges,الكونسيرج
Tour and Travel Guides,مرشدو السياحة والسفر
Other Personal Care and Service Workers,عمال العناية الشخصية والخدمات الآخرون
Childcare Workers,العاملون في مجال رعاية الأطفال
Recreation and Fitness Workers,عمال الترفيه واللياقة البدنية
Exercise Trainers and Group Fitness Instructors,مدربو التمارين الرياضية ومدربو اللياقة البدنية الجماعيون
Recreation Workers,عمال الترفيه
Residential Advisors,المستشارون السكنيون
"Personal Care and Service Workers, All Other",عمال العناية الشخصية والخدمات، كل ما عدا ذلك
Sales and Related Occupations,المبيعات والمهن ذات الصلة
First-Line Supervisors of Sales Workers,مشرفو الخط الأول على عمال المبيعات
First-Line Supervisors of Retail Sales Workers,مشرفو الخط الأول على عمال مبيعات التجزئة
First-Line Supervisors of Non-Retail Sales Workers,مشرفو الخط الأول على عمال المبيعات غير التابعين للبيع بالتجزئة
Retail Sales Workers,عمال مبيعات التجزئة
Cashiers,الصرافين
Cashiers,الصرافين
Gambling Change Persons and Booth Cashiers,المقامرة تغيير الأشخاص والصرافين كشك
Counter and Rental Clerks and Parts Salespersons,كاونتر وتأجير الكتبة ومندوبي مبيعات قطع الغيار
Counter and Rental Clerks,كاونتر وتأجير الكتبة
Parts Salespersons,مندوبو مبيعات قطع الغيار
Retail Salespersons,مندوبو مبيعات التجزئة
"Sales Representatives, Services","مندوبو المبيعات, الخدمات"
Advertising Sales Agents,وكلاء مبيعات الإعلانات
Insurance Sales Agents,وكلاء مبيعات التأمين
"Securities, Commodities, and Financial Services Sales Agents",وكلاء مبيعات الأوراق المالية والسلع والخدمات المالية
Travel Agents,وكلاء السفر
"Sales Representatives of Services, Except Advertising, Insurance, Financial Services, and Travel",مندوبو مبيعات الخدمات، باستثناء الإعلانات والتأمين والخدمات المالية والسفر
"Sales Representatives, Wholesale and Manufacturing",مندوبو المبيعات والبيع بالجملة والتصنيع
"Sales Representatives, Wholesale and Manufacturing, Technical and Scientific Products",مندوبو المبيعات، البيع بالجملة والتصنيع، المنتجات التقنية والعلمية
"Sales Representatives, Wholesale and Manufacturing, Except Technical and Scientific Products",مندوبو المبيعات والجملة والتصنيع، باستثناء المنتجات التقنية والعلمية
Other Sales and Related Workers,المبيعات الأخرى والعمال ذات الصلة
"Models, Demonstrators, and Product Promoters",النماذج والعروض التوضيحية ومروجو المنتجات
Demonstrators and Product Promoters,المتظاهرون ومروجو المنتجات
Models,نماذج
Real Estate Brokers and Sales Agents,الوسطاء العقاريون ووكلاء المبيعات
Real Estate Brokers,الوسطاء العقاريون
Real Estate Sales Agents,وكلاء المبيعات العقارية
Sales Engineers,مهندسو المبيعات
Telemarketers,المسوقون عبر الهاتف
Miscellaneous Sales and Related Workers,المبيعات المتنوعة والعمال ذوي الصلة
"Door-to-Door Sales Workers, News and Street Vendors, and Related Workers",عمال المبيعات من الباب إلى الباب والأخبار والباعة المتجولون والعمال ذوو الصلة
"Sales and Related Workers, All Other",المبيعات والعمال ذات الصلة، كل شيء آخر
Office and Administrative Support Occupations,وظائف المكتب والدعم الإداري
First-Line Supervisors of Office and Administrative Support Workers,مشرفو الخط الأول للمكاتب والعاملين في مجال الدعم الإداري
Communications Equipment Operators,مشغلي معدات الاتصالات
"Switchboard Operators, Including Answering Service",مشغلو لوحة التبديل، بما في ذلك خدمة الرد على المكالمات
Telephone Operators,مشغلي الهاتف
"Communications Equipment Operators, All Other",مشغلي معدات الاتصالات، جميع الأجهزة الأخرى
Financial Clerks,الكتبة الماليون
Bill and Account Collectors,جامعي الفواتير والحسابات
Billing and Posting Clerks,كتبة الفواتير والنشر
"Bookkeeping, Accounting, and Auditing Clerks",مسك الدفاتر والمحاسبة ومراجعة الحسابات
Gambling Cage Workers,عمال قفص القمار
Payroll and Timekeeping Clerks,كشوف المرتبات وضبط الوقت
Procurement Clerks,كتبة المشتريات
Tellers,فرز الاصوات
"Financial Clerks, All Other",الكتبة الماليون، كل ما عدا ذلك
Information and Record Clerks,كتبة المعلومات والسجلات
Brokerage Clerks,كتبة الوساطة
Correspondence Clerks,كتبة المراسلات
"Court, Municipal, and License Clerks",كتبة المحاكم والبلديات والتراخيص
"Credit Authorizers, Checkers, and Clerks",مفوضو الائتمان ولعبة الداما والكتبة
Customer Service Representatives,ممثلو خدمة العملاء
"Eligibility Interviewers, Government Programs",مقابلات الأهلية، البرامج الحكومية
File Clerks,كتبة الملفات
"Hotel, Motel, and Resort Desk Clerks",كتبة مكتب الفنادق والموتيلات والمنتجعات
"Interviewers, Except Eligibility and Loan",المحاورون، باستثناء الأهلية والقرض
"Library Assistants, Clerical",مساعدو المكتبات، كتابيون
Loan Interviewers and Clerks,محاورو القروض والكتبة
New Accounts Clerks,كتبة الحسابات الجدد
Order Clerks,ترتيب الكتبة
"Human Resources Assistants, Except Payroll and Timekeeping",مساعدو الموارد البشرية، باستثناء كشوف المرتبات وضبط الوقت
Receptionists and Information Clerks,موظفو الاستقبال وموظفو المعلومات
Reservation and Transportation Ticket Agents and Travel Clerks,وكلاء تذاكر الحجز والنقل وكتبة السفر
"Information and Record Clerks, All Other",كتبة المعلومات والسجلات، كل ما عدا ذلك
"Material Recording, Scheduling, Dispatching, and Distributing Workers",تسجيل المواد وجدولتها وإرسالها وتوزيعها للعمال
Cargo and Freight Agents,وكلاء الشحن والبضائع
Couriers and Messengers,السعاة والرسل
Dispatchers,المرسلون
Public Safety Telecommunicators,أجهزة الاتصالات السلكية واللاسلكية للسلامة العامة
"Dispatchers, Except Police, Fire, and Ambulance",المرسلون، باستثناء الشرطة والإطفاء والإسعاف
"Meter Readers, Utilities",قارئات العدادات ، المرافق
Postal Service Workers,عمال الخدمات البريدية
Postal Service Clerks,كتبة الخدمات البريدية
Postal Service Mail Carriers,شركات نقل بريد الخدمات البريدية
"Postal Service Mail Sorters, Processors, and Processing Machine Operators",أجهزة فرز بريد الخدمات البريدية ومعالجاتها ومشغلي آلات المعالجة
"Production, Planning, and Expediting Clerks",الإنتاج والتخطيط وتسريع الكتبة
"Shipping, Receiving, and Inventory Clerks",كتبة الشحن والاستلام والمخزون
"Weighers, Measurers, Checkers, and Samplers, Recordkeeping",أجهزة القياس وأجهزة القياس ولعبة الداما وأجهزة أخذ العينات وحفظ السجلات
Secretaries and Administrative Assistants,السكرتارية والمساعدون الإداريون
Executive Secretaries and Executive Administrative Assistants,الأمناء التنفيذيون والمساعدون الإداريون التنفيذيون
Legal Secretaries and Administrative Assistants,الأمناء القانونيون والمساعدون الإداريون
Medical Secretaries and Administrative Assistants,السكرتارية الطبية والمساعدون الإداريون
"Secretaries and Administrative Assistants, Except Legal, Medical, and Executive",السكرتارية والمساعدين الإداريين، باستثناء القانونيين والطبيين والتنفيذيين
Other Office and Administrative Support Workers,عمال المكاتب والدعم الإداري الآخرون
Data Entry and Information Processing Workers,عمال إدخال البيانات ومعالجة المعلومات
Data Entry Keyers,مفاتيح إدخال البيانات
Word Processors and Typists,معالجو النصوص والطابعون
Desktop Publishers,الناشرون المكتبيون
Insurance Claims and Policy Processing Clerks,مطالبات التأمين وكتبة معالجة البوليصة
"Mail Clerks and Mail Machine Operators, Except Postal Service",كتبة البريد ومشغلي آلات البريد، باستثناء الخدمة البريدية
"Office Clerks, General",كتبة المكاتب، عام
"Office Machine Operators, Except Computer",مشغلي الآلات المكتبية، باستثناء الكمبيوتر
Proofreaders and Copy Markers,المدققون اللغويون وعلامات النسخ
Statistical Assistants,المساعدون الإحصائيون
"Office and Administrative Support Workers, All Other",موظفو المكاتب والدعم الإداري، جميع الجهات الأخرى
"Farming, Fishing, and Forestry Occupations",مهن الزراعة وصيد الأسماك والغابات
"First-Line Supervisors of Farming, Fishing, and Forestry Workers",مشرفو الخط الأول على عمال الزراعة وصيد الأسماك والغابات
Agricultural Workers,العمال الزراعيون
Agricultural Inspectors,المفتشون الزراعيون
Animal Breeders,مربي الحيوانات
"Graders and Sorters, Agricultural Products","ممهدات وفرز, منتجات زراعية"
Miscellaneous Agricultural Workers,عمال زراعيون متنوعون
Agricultural Equipment Operators,مشغلو المعدات الزراعية
"Farmworkers and Laborers, Crop, Nursery, and Greenhouse",عمال المزارع والعمال والمحاصيل والحضانة والدفيئة
"Farmworkers, Farm, Ranch, and Aquacultural Animals",عمال المزارع والمزارع والمزرعة تربية الأحياء المائية
"Agricultural Workers, All Other",العمال الزراعيون، كل ما عدا ذلك
"Forest, Conservation, and Logging Workers",عمال الغابات والحفظ وقطع الأشجار
Forest and Conservation Workers,عمال الغابات والحفاظ عليها
Logging Workers,عمال تسجيل الدخول
Fallers,الساقطون
Logging Equipment Operators,مشغلي معدات قطع الأشجار
Log Graders and Scalers,سجل ممهدات ومقاييس
"Logging Workers, All Other",عمال قطع الأشجار، كل ما عدا ذلك
Construction and Extraction Occupations,مهن البناء والاستخراج
First-Line Supervisors of Construction Trades and Extraction Workers,مشرفو الخط الأول على مهن البناء وعمال الاستخراج
Construction Trades Workers,عمال مهن البناء
Boilermakers,صانعو الغلايات
"Brickmasons, Blockmasons, and Stonemasons",البناء ، Blockmasons ، و Stonemasons
Brickmasons and Blockmasons,البناء والبنائين
Stonemasons,الحجارة
Carpenters,النجارين
"Carpet, Floor, and Tile Installers and Finishers",السجاد والأرضيات والبلاط المثبتات والتشطيبات
Carpet Installers,مثبتات السجاد
"Floor Layers, Except Carpet, Wood, and Hard Tiles",طبقات الأرضيات، باستثناء السجاد والخشب والبلاط الصلب
Floor Sanders and Finishers,ساندرز الأرضية والتشطيبات
Tile and Stone Setters,واضعو البلاط والحجر
"Cement Masons, Concrete Finishers, and Terrazzo Workers",عمال البناء الأسمنتي وتشطيبات الخرسانة وعمال تيرازو
Cement Masons and Concrete Finishers,عمال البناء الأسمنتي والتشطيبات الخرسانية
Terrazzo Workers and Finishers,عمال وعمال تيرازو وعمال التشطيبات
Construction Laborers,عمال البناء
Construction Equipment Operators,مشغلي معدات البناء
"Paving, Surfacing, and Tamping Equipment Operators",مشغلي معدات الرصف والتسطيح والدك
Pile Driver Operators,مشغلي برنامج تشغيل كومة
Operating Engineers and Other Construction Equipment Operators,مهندسو التشغيل ومشغلو معدات البناء الآخرون
"Drywall Installers, Ceiling Tile Installers, and Tapers",مثبتات دريوال ، مثبتات بلاط السقف ، و tappers
Drywall and Ceiling Tile Installers,دريوال وبلاط السقف المثبتات
Tapers,الأشرطة
Electricians,الكهربائيين
Glaziers,الزجاجيات
Insulation Workers,عمال العزل
"Insulation Workers, Floor, Ceiling, and Wall",عمال العزل والأرضيات والسقف والجدران
"Insulation Workers, Mechanical","عمال العزل, ميكانيكي"
Painters and Paperhangers,الرسامون وشماعات الورق
"Painters, Construction and Maintenance",الرسامين والبناء والصيانة
Paperhangers,الشماعات الورقية
"Pipelayers, Plumbers, Pipefitters, and Steamfitters","Pipelayers, Plumbers, Pipefitters, and Steamfittters"
Pipelayers,طبقات الأنابيب
"Plumbers, Pipefitters, and Steamfitters",السباكين ، Pipefitters ، و Steamfittters
Plasterers and Stucco Masons,الجص والجص الماسوني
Reinforcing Iron and Rebar Workers,حديد التسليح وحديد التسليح العمال
Roofers,الأسطح
Sheet Metal Workers,عمال الصفائح المعدنية
Structural Iron and Steel Workers,عمال الحديد والصلب الهيكلي
Solar Photovoltaic Installers,تركيب الطاقة الشمسية الكهروضوئية
"Helpers, Construction Trades",مساعدون، مهن البناء
"Helpers--Brickmasons, Blockmasons, Stonemasons, and Tile and Marble Setters",المساعدون - البناء ، البنائون ، الحجارة ، واضعو البلاط والرخام
Helpers--Carpenters,مساعدون--نجارون
Helpers--Electricians,مساعدون--كهربائيون
"Helpers--Painters, Paperhangers, Plasterers, and Stucco Masons",المساعدون - الرسامون ، شماعات الورق ، الجص ، والماسونيون الجص
"Helpers--Pipelayers, Plumbers, Pipefitters, and Steamfitters",المساعدون - عمال الأنابيب والسباكون وعمال الأنابيب وعمال البخار
Helpers--Roofers,مساعدون--- أسقف
"Helpers, Construction Trades, All Other",مساعدون، مهن البناء، كل ما عدا ذلك
Other Construction and Related Workers,عمال البناء الآخرون والعمال ذوو الصلة
Construction and Building Inspectors,مفتشو التشييد والبناء
Elevator and Escalator Installers and Repairers,تركيب وإصلاح المصاعد والسلالم المتحركة
Fence Erectors,نصب السياج
Hazardous Materials Removal Workers,عمال إزالة المواد الخطرة
Highway Maintenance Workers,عمال صيانة الطرق السريعة
Rail-Track Laying and Maintenance Equipment Operators,مشغلي معدات وضع وصيانة مسارات السكك الحديدية
Septic Tank Servicers and Sewer Pipe Cleaners,عمال صيانة خزانات الصرف الصحي ومنظفات أنابيب الصرف الصحي
Miscellaneous Construction and Related Workers,البناء المتنوع والعمال ذوي الصلة
Extraction Workers,عمال الاستخراج
"Derrick, Rotary Drill, and Service Unit Operators, Oil and Gas",ديريك ، الحفر الروتاري ، ومشغلي وحدات الخدمة ، النفط والغاز
"Derrick Operators, Oil and Gas",مشغلي ديريك ، النفط والغاز
"Rotary Drill Operators, Oil and Gas",مشغلي الحفر الدوار، النفط والغاز
"Service Unit Operators, Oil and Gas",مشغلو وحدات الخدمة، النفط والغاز
Surface Mining Machine Operators and Earth Drillers,مشغلي آلات التعدين السطحي وحفارات الأرض
"Excavating and Loading Machine and Dragline Operators, Surface Mining",آلات الحفر والتحميل ومشغلي خطوط السحب ، التعدين السطحي
"Earth Drillers, Except Oil and Gas",حفارات الأرض، باستثناء النفط والغاز
"Explosives Workers, Ordnance Handling Experts, and Blasters",عمال المتفجرات وخبراء مناولة الذخائر والمفجرون
Underground Mining Machine Operators,مشغلي آلات التعدين تحت الأرض
Continuous Mining Machine Operators,مشغلي آلات التعدين المستمر
"Roof Bolters, Mining",مسامير السقف، التعدين
"Loading and Moving Machine Operators, Underground Mining",مشغلي آلات التحميل والنقل ، التعدين تحت الأرض
"Underground Mining Machine Operators, All Other",مشغلي آلات التعدين تحت الأرض ، وجميع الآخرين
"Rock Splitters, Quarry",مجزأ الصخور، المحجر
"Roustabouts, Oil and Gas",روستابوتس، النفط والغاز
Helpers--Extraction Workers,المساعدون - عمال الاستخراج
"Extraction Workers, All Other",عمال الاستخراج، كل ما عدا ذلك
"Installation, Maintenance, and Repair Occupations",مهن التركيب والصيانة والإصلاح
"First-Line Supervisors of Mechanics, Installers, and Repairers",مشرفو الخط الأول للميكانيكيين والمثبتين والمصلحين
"Electrical and Electronic Equipment Mechanics, Installers, and Repairers",ميكانيكا المعدات الكهربائية والإلكترونية والتركيب والمصلحين
"Computer, Automated Teller, and Office Machine Repairers",الكمبيوتر والصراف الآلي ومصلحي الآلات المكتبية
Radio and Telecommunications Equipment Installers and Repairers,مثبتو ومصلحو معدات الراديو والاتصالات السلكية واللاسلكية
"Radio, Cellular, and Tower Equipment Installers and Repairers",مثبتو ومصلحو معدات الراديو والخلوية والأبراج
"Telecommunications Equipment Installers and Repairers, Except Line Installers",مثبتو ومصلحو معدات الاتصالات السلكية واللاسلكية، باستثناء مثبتي الخطوط
"Miscellaneous Electrical and Electronic Equipment Mechanics, Installers, and Repairers",متفرقات ميكانيكا المعدات الكهربائية والإلكترونية والتركيب والمصلحين
Avionics Technicians,فنيي إلكترونيات الطيران
"Electric Motor, Power Tool, and Related Repairers",المحرك الكهربائي ، أداة الطاقة ، والمصلحون ذوو الصلة
"Electrical and Electronics Installers and Repairers, Transportation Equipment","تركيب وإصلاح الأجهزة الكهربائية والإلكترونية, معدات النقل"
"Electrical and Electronics Repairers, Commercial and Industrial Equipment",مصلحو الأجهزة الكهربائية والإلكترونية والمعدات التجارية والصناعية
"Electrical and Electronics Repairers, Powerhouse, Substation, and Relay",مصلحو الكهرباء والإلكترونيات ، والطاقة ، والمحطات الفرعية ، والتتابع
"Electronic Equipment Installers and Repairers, Motor Vehicles","تركيب وإصلاح المعدات الإلكترونية, السيارات"
Audiovisual Equipment Installers and Repairers,تركيب وإصلاح المعدات السمعية والبصرية
Security and Fire Alarm Systems Installers,مثبتات أنظمة الأمن وإنذار الحريق
"Vehicle and Mobile Equipment Mechanics, Installers, and Repairers",ميكانيكا المركبات والمعدات المتنقلة والمثبتين والمصلحين
Aircraft Mechanics and Service Technicians,ميكانيكا الطائرات وفنيي الخدمة
Automotive Technicians and Repairers,فنيو ومصلحو السيارات
Automotive Body and Related Repairers,هيكل السيارات والمصلحون ذوو الصلة
Automotive Glass Installers and Repairers,مثبتو ومصلحو زجاج السيارات
Automotive Service Technicians and Mechanics,فنيو وميكانيكيو خدمة السيارات
Bus and Truck Mechanics and Diesel Engine Specialists,أخصائيو ميكانيكا الحافلات والشاحنات ومحركات الديزل
Heavy Vehicle and Mobile Equipment Service Technicians and Mechanics,فنيو وميكانيكيو خدمة المركبات الثقيلة والمعدات المتنقلة
Farm Equipment Mechanics and Service Technicians,ميكانيكا المعدات الزراعية وفنيي الخدمات
"Mobile Heavy Equipment Mechanics, Except Engines",ميكانيكا المعدات الثقيلة المتنقلة، باستثناء المحركات
Rail Car Repairers,مصلحو عربات السكك الحديدية
Small Engine Mechanics,ميكانيكا المحركات الصغيرة
Motorboat Mechanics and Service Technicians,ميكانيكا القوارب البخارية وفنيي الخدمة
Motorcycle Mechanics,ميكانيكا الدراجات النارية
Outdoor Power Equipment and Other Small Engine Mechanics,معدات الطاقة الخارجية وغيرها من ميكانيكا المحركات الصغيرة
"Miscellaneous Vehicle and Mobile Equipment Mechanics, Installers, and Repairers",ميكانيكا وتركيب وإصلاح المركبات والمعدات المتنقلة المتنوعة
Bicycle Repairers,مصلحو الدراجات
Recreational Vehicle Service Technicians,فنيو خدمة المركبات الترفيهية
Tire Repairers and Changers,مصلحو الإطارات ومغيروها
"Other Installation, Maintenance, and Repair Occupations",مهن التركيب والصيانة والإصلاح الأخرى
Control and Valve Installers and Repairers,التحكم وتركيب الصمامات ومصلحيها
Mechanical Door Repairers,مصلحو الأبواب الميكانيكية
"Control and Valve Installers and Repairers, Except Mechanical Door",مثبتو ومصلحو التحكم والصمامات ، باستثناء الأبواب الميكانيكية
"Heating, Air Conditioning, and Refrigeration Mechanics and Installers",ميكانيكا وتركيب التدفئة وتكييف الهواء والتبريد
Home Appliance Repairers,مصلحو الأجهزة المنزلية
"Industrial Machinery Installation, Repair, and Maintenance Workers",عمال تركيب وإصلاح وصيانة الآلات الصناعية
Industrial Machinery Mechanics,ميكانيكا الآلات الصناعية
"Maintenance Workers, Machinery","عمال صيانة, آلات"
Millwrights,ميلوريتس
"Refractory Materials Repairers, Except Brickmasons",مصلحو المواد الحرارية ، باستثناء عمال البناء بالطوب
Line Installers and Repairers,مثبتو ومصلحو الخطوط
Electrical Power-Line Installers and Repairers,مثبتو ومصلحو خطوط الطاقة الكهربائية
Telecommunications Line Installers and Repairers,مثبتو ومصلحو خطوط الاتصالات
Precision Instrument and Equipment Repairers,مصلحو الأدوات والمعدات الدقيقة
Camera and Photographic Equipment Repairers,مصلحو معدات الكاميرا والتصوير الفوتوغرافي
Medical Equipment Repairers,مصلحو المعدات الطبية
Musical Instrument Repairers and Tuners,مصلحو الآلات الموسيقية والموالفون
Watch and Clock Repairers,مصلحو الساعات والساعات
"Precision Instrument and Equipment Repairers, All Other",مصلحو الأدوات والمعدات الدقيقة ، جميع الأجهزة الأخرى
"Maintenance and Repair Workers, General",عمال الصيانة والإصلاح، عام
Wind Turbine Service Technicians,فنيو خدمة توربينات الرياح
"Miscellaneous Installation, Maintenance, and Repair Workers",عمال تركيب وصيانة وإصلاح متنوعون
"Coin, Vending, and Amusement Machine Servicers and Repairers",خدمة وإصلاح آلات القطع النقدية والبيع والتسلية
Commercial Divers,الغواصون التجاريون
Locksmiths and Safe Repairers,الأقفال والمصلحون الآمنون
Manufactured Building and Mobile Home Installers,المباني المصنعة ومثبتات المنازل المتنقلة
Riggers,المتلاعبون
Signal and Track Switch Repairers,مصلحو مفاتيح الإشارة والمسار
"Helpers--Installation, Maintenance, and Repair Workers",المساعدون - عمال التركيب والصيانة والإصلاح
"Installation, Maintenance, and Repair Workers, All Other",عمال التركيب والصيانة والإصلاح ، جميع العوامل الأخرى
Production Occupations,مهن الإنتاج
First-Line Supervisors of Production and Operating Workers,مشرفو الخط الأول لعمال الإنتاج والتشغيل
Assemblers and Fabricators,المجمعون والمصنعون
"Aircraft Structure, Surfaces, Rigging, and Systems Assemblers",هيكل الطائرات والأسطح والتزوير وتجميع الأنظمة
"Electrical, Electronics, and Electromechanical Assemblers",المجمعات الكهربائية والإلكترونية والكهروميكانيكية
"Coil Winders, Tapers, and Finishers",لفائف اللفائف والأشرطة والتشطيبات
"Electrical, Electronic, and Electromechanical Assemblers, Except Coil Winders, Tapers, and Finishers",المجمعات الكهربائية والإلكترونية والكهروميكانيكية ، باستثناء لفائف اللفائف والأشرطة والتشطيبات
Engine and Other Machine Assemblers,المحرك ومجمعات الآلات الأخرى
Structural Metal Fabricators and Fitters,مصنعو المعادن الهيكلية وعمال التركيب
Fiberglass Laminators and Fabricators,الألياف الزجاجية المغلفات والمصنعين
Timing Device Assemblers and Adjusters,مجمعات وضبط أجهزة ضبط التوقيت
Miscellaneous Assemblers and Fabricators,مجمعون ومصنعون متنوعون
Food Processing Workers,عمال تصنيع الأغذية
Bakers,الخبازين
"Butchers and Other Meat, Poultry, and Fish Processing Workers",الجزارون وغيرهم من عمال تجهيز اللحوم والدواجن والأسماك
Butchers and Meat Cutters,الجزارون وقواطع اللحوم
"Meat, Poultry, and Fish Cutters and Trimmers",قواطع اللحوم والدواجن والأسماك وآلات تشذيبها
Slaughterers and Meat Packers,المذبوحين ومعبئي اللحوم
Miscellaneous Food Processing Workers,عمال تصنيع الأغذية المتفرقات
"Food and Tobacco Roasting, Baking, and Drying Machine Operators and Tenders",مشغلي آلات تحميص الأغذية والتبغ والخبز والتجفيف والمناقصات
Food Batchmakers,صانعو الخبز
Food Cooking Machine Operators and Tenders,مشغلي آلات طهي الطعام والمناقصات
"Food Processing Workers, All Other",عمال تجهيز الأغذية، جميع العوامل الأخرى
Metal Workers and Plastic Workers,عمال المعادن وعمال البلاستيك
"Forming Machine Setters, Operators, and Tenders, Metal and Plastic",صانعو آلات التشكيل والمشغلون والمناقصات والمعادن والبلاستيك
"Extruding and Drawing Machine Setters, Operators, and Tenders, Metal and Plastic",واضعو آلات البثق والرسم والمشغلون والمناقصات والمعادن والبلاستيك
"Forging Machine Setters, Operators, and Tenders, Metal and Plastic",واضعو آلات تزوير والمشغلون والمناقصات والمعادن والبلاستيك
"Rolling Machine Setters, Operators, and Tenders, Metal and Plastic",واضعو آلات الدرفلة والمشغلون والمناقصات والمعادن والبلاستيك
"Machine Tool Cutting Setters, Operators, and Tenders, Metal and Plastic",أدوات آلة قطع المعدات، والمشغلين، والمناقصات، والمعادن والبلاستيك
"Cutting, Punching, and Press Machine Setters, Operators, and Tenders, Metal and Plastic",آلات القطع واللكم والضغط على واضعي الآلات والمشغلين والمناقصات والمعادن والبلاستيك
"Drilling and Boring Machine Tool Setters, Operators, and Tenders, Metal and Plastic",أدوات الحفر والحفر والحفر والأدوات الآلية والمشغلين والمناقصات والمعادن والبلاستيك
"Grinding, Lapping, Polishing, and Buffing Machine Tool Setters, Operators, and Tenders, Metal and Plastic",طحن ، لف ، تلميع ، وتلميع أدوات آلة المستوطنين والمشغلين والمناقصات والمعادن والبلاستيك
"Lathe and Turning Machine Tool Setters, Operators, and Tenders, Metal and Plastic",مخرطة وتحويل أدوات آلة المستوطنين والمشغلين والمناقصات والمعادن والبلاستيك
"Milling and Planing Machine Setters, Operators, and Tenders, Metal and Plastic",واضعو آلات الطحن والتخطيط والمشغلون والمناقصات والمعادن والبلاستيك
Machinists,الميكانيكيين
"Metal Furnace Operators, Tenders, Pourers, and Casters",مشغلي الأفران المعدنية والمناقصات والصبوات والعجلات
Metal-Refining Furnace Operators and Tenders,مشغلي أفران تكرير المعادن والمناقصات
"Pourers and Casters, Metal","صبات وعجلات, معدن"
"Model Makers and Patternmakers, Metal and Plastic","صناع النماذج وصانعو الأنماط, المعادن والبلاستيك"
"Model Makers, Metal and Plastic",صناع النماذج، المعادن والبلاستيك
"Patternmakers, Metal and Plastic",صانعات الأنماط والمعادن والبلاستيك
"Molders and Molding Machine Setters, Operators, and Tenders, Metal and Plastic",القوالب وقوالب آلات التشكيل والمشغلين والمناقصات والمعادن والبلاستيك
Foundry Mold and Coremakers,مسبك العفن وصانعي النواة
"Molding, Coremaking, and Casting Machine Setters, Operators, and Tenders, Metal and Plastic",قوالب ، صناعة النواة ، وآلات الصب المستوطنين والمشغلين والمناقصات والمعادن والبلاستيك
"Multiple Machine Tool Setters, Operators, and Tenders, Metal and Plastic",العديد من واضعي الأدوات الآلية والمشغلين والمناقصات والمعادن والبلاستيك
Tool and Die Makers,صانع الأدوات والقوالب
"Welding, Soldering, and Brazing Workers",عمال اللحام واللحام والنحاس
"Welders, Cutters, Solderers, and Brazers",اللحامون والقواطع والملحمون والنحاس
"Welding, Soldering, and Brazing Machine Setters, Operators, and Tenders",آلات اللحام واللحام والنحاس والمشغلين والمناقصات
Miscellaneous Metal Workers and Plastic Workers,عمال المعادن المتفرقات وعمال البلاستيك
"Heat Treating Equipment Setters, Operators, and Tenders, Metal and Plastic",واضعو معدات المعالجة الحرارية والمشغلون والمناقصات والمعادن والبلاستيك
"Layout Workers, Metal and Plastic",عمال التخطيط، المعادن والبلاستيك
"Plating Machine Setters, Operators, and Tenders, Metal and Plastic",واضعو آلات الطلاء والمشغلون والمناقصات والمعادن والبلاستيك
"Tool Grinders, Filers, and Sharpeners",أدوات المطاحن والفيلات والمبراة
"Metal Workers and Plastic Workers, All Other",عمال المعادن وعمال البلاستيك ، كل ما عدا ذلك
Printing Workers,عمال الطباعة
Prepress Technicians and Workers,فنيو وعمال ما قبل الطباعة
Printing Press Operators,مشغلي المطابع
Print Binding and Finishing Workers,عمال تجليد الطباعة والتشطيب
"Textile, Apparel, and Furnishings Workers",عمال النسيج والملابس والمفروشات
Laundry and Dry-Cleaning Workers,عمال الغسيل والتنظيف الجاف
"Pressers, Textile, Garment, and Related Materials",المكابس والمنسوجات والملابس والمواد ذات الصلة
Sewing Machine Operators,مشغلي آلات الخياطة
Shoe and Leather Workers,عمال الأحذية والجلود
Shoe and Leather Workers and Repairers,عمال ومصلحو الأحذية والجلود
Shoe Machine Operators and Tenders,مشغلي آلات الأحذية والمناقصات
"Tailors, Dressmakers, and Sewers",الخياطون والخياطون والمجاري
"Sewers, Hand",المجاري، اليد
"Tailors, Dressmakers, and Custom Sewers",الخياطون والخياطون والمجاري المخصصة
"Textile Machine Setters, Operators, and Tenders",واضعو آلات النسيج والمشغلون والمناقصات
Textile Bleaching and Dyeing Machine Operators and Tenders,مشغلي آلات تبييض وصباغة المنسوجات والمناقصات
"Textile Cutting Machine Setters, Operators, and Tenders",واضعو آلات قطع المنسوجات والمشغلون والمناقصات
"Textile Knitting and Weaving Machine Setters, Operators, and Tenders",ماكينات حياكة ونسج المنسوجات والمشغلين والمناقصات
"Textile Winding, Twisting, and Drawing Out Machine Setters, Operators, and Tenders",تغليف المنسوجات والتواءها وسحبها من واضعي الآلات والمشغلين والمناقصات
"Miscellaneous Textile, Apparel, and Furnishings Workers",عمال النسيج والملابس والمفروشات المتنوعة
"Extruding and Forming Machine Setters, Operators, and Tenders, Synthetic and Glass Fibers",بثق وتشكيل آلات الخياطة والمشغلين والمناقصات والألياف الاصطناعية والزجاجية
Fabric and Apparel Patternmakers,صناع أنماط النسيج والملابس
Upholsterers,مواد التنجيد
"Textile, Apparel, and Furnishings Workers, All Other",عمال النسيج والملابس والمفروشات ، كل ما عدا ذلك
Woodworkers,عمال الأخشاب
Cabinetmakers and Bench Carpenters,صانعو الخزائن والنجارون على مقاعد البدلاء
Furniture Finishers,تشطيبات الأثاث
"Model Makers and Patternmakers, Wood","صناع النماذج وصانعو الأنماط, الخشب"
"Model Makers, Wood","صناع النماذج, خشب"
"Patternmakers, Wood","صانعات الأنماط, خشب"
"Woodworking Machine Setters, Operators, and Tenders",واضعو آلات النجارة والمشغلون والمناقصات
"Sawing Machine Setters, Operators, and Tenders, Wood",واضعو آلات النشر والمشغلون والمناقصات والأخشاب
"Woodworking Machine Setters, Operators, and Tenders, Except Sawing",واضعو آلات النجارة والمشغلون والمناقصات باستثناء النشر
"Woodworkers, All Other","عمال الأخشاب, كل شيء آخر"
Plant and System Operators,مشغلي المحطات والأنظمة
"Power Plant Operators, Distributors, and Dispatchers",مشغلو محطات الطاقة والموزعون والمرسلون
Nuclear Power Reactor Operators,مشغلي مفاعلات الطاقة النووية
Power Distributors and Dispatchers,موزعو الطاقة والمرسلون
Power Plant Operators,مشغلي محطات توليد الكهرباء
Stationary Engineers and Boiler Operators,مهندسو القرطاسية ومشغلي الغلايات
Water and Wastewater Treatment Plant and System Operators,مشغلي محطات وأنظمة معالجة المياه ومياه الصرف الصحي
Miscellaneous Plant and System Operators,مشغلي المحطات والأنظمة المتفرقات
Chemical Plant and System Operators,مشغلي المصانع والأنظمة الكيميائية
Gas Plant Operators,مشغلي محطات الغاز
"Petroleum Pump System Operators, Refinery Operators, and Gaugers",مشغلو نظام مضخات البترول ومشغلو المصافي والمقاسات
"Plant and System Operators, All Other",مشغلي المصانع والأنظمة، جميع العوامل الأخرى
Other Production Occupations,مهن الإنتاج الأخرى
"Chemical Processing Machine Setters, Operators, and Tenders",واضعو آلات المعالجة الكيميائية والمشغلون والمناقصات
Chemical Equipment Operators and Tenders,مشغلي المعدات الكيميائية والمناقصات
"Separating, Filtering, Clarifying, Precipitating, and Still Machine Setters, Operators, and Tenders",فصل وتصفية وتوضيح وتعجيل وثبات واضعي الآلات والمشغلين والمناقصات
"Crushing, Grinding, Polishing, Mixing, and Blending Workers",عمال التكسير والطحن والتلميع والخلط والمزج
"Crushing, Grinding, and Polishing Machine Setters, Operators, and Tenders",سحق وطحن وتلميع آلات المستوطنين والمشغلين والمناقصات
"Grinding and Polishing Workers, Hand",عمال الطحن والتلميع ، اليد
"Mixing and Blending Machine Setters, Operators, and Tenders",خلط ومزج واضعي الآلات والمشغلين والمناقصات
Cutting Workers,قطع العمال
"Cutters and Trimmers, Hand",قواطع وآلات تشذيب، يدوية
"Cutting and Slicing Machine Setters, Operators, and Tenders",واضعو آلات القطع والتقطيع والمشغلون والمناقصات
"Extruding, Forming, Pressing, and Compacting Machine Setters, Operators, and Tenders",بثق وتشكيل وضغط وضغط آلات الخياطة والمشغلين والمناقصات
"Furnace, Kiln, Oven, Drier, and Kettle Operators and Tenders",مشغلي الفرن والفرن والفرن والمجفف والغلاية والمناقصات
"Inspectors, Testers, Sorters, Samplers, and Weighers",المفتشون والمختبرون والفرزون وأخصائيو أخذ العينات وأخصائيو الوزن
Jewelers and Precious Stone and Metal Workers,عمال المجوهرات والأحجار الكريمة والمعادن
Dental and Ophthalmic Laboratory Technicians and Medical Appliance Technicians,فنيو مختبرات الأسنان والعيون وفنيو الأجهزة الطبية
Dental Laboratory Technicians,فنيي مختبرات الأسنان
Medical Appliance Technicians,فنيو الأجهزة الطبية
Ophthalmic Laboratory Technicians,فنيو مختبرات العيون
Packaging and Filling Machine Operators and Tenders,مشغلي آلات التعبئة والتغليف والمناقصات
Painting Workers,عمال الدهانات
"Painting, Coating, and Decorating Workers",عمال الطلاء والطلاء والديكور
"Coating, Painting, and Spraying Machine Setters, Operators, and Tenders",الطلاء والطلاء وآلات الرش القائمون على الخياطة والمشغلون والمناقصات
Semiconductor Processing Technicians,فنيو معالجة أشباه الموصلات
Photographic Process Workers and Processing Machine Operators,عمال عملية التصوير الفوتوغرافي ومشغلي آلات المعالجة
Computer Numerically Controlled Tool Operators and Programmers,مشغلي الأدوات التي يتم التحكم فيها رقميا بالكمبيوتر والمبرمجين
Computer Numerically Controlled Tool Operators,مشغلي الأدوات التي يتم التحكم فيها رقميا بواسطة الكمبيوتر
Computer Numerically Controlled Tool Programmers,مبرمجو الأدوات التي يتم التحكم فيها رقميا بالكمبيوتر
Miscellaneous Production Workers,عمال إنتاج متنوعون
Adhesive Bonding Machine Operators and Tenders,مشغلي آلات الترابط اللاصقة والمناقصات
"Cleaning, Washing, and Metal Pickling Equipment Operators and Tenders",مشغلي معدات التنظيف والغسيل وتخليل المعادن والمناقصات
Cooling and Freezing Equipment Operators and Tenders,مشغلي معدات التبريد والتجميد والمناقصات
Etchers and Engravers,الحفر والنقاشات
"Molders, Shapers, and Casters, Except Metal and Plastic",القوالب والمشكلين والعجلات ، باستثناء المعادن والبلاستيك
"Paper Goods Machine Setters, Operators, and Tenders",واضعو آلات السلع الورقية ومشغلوها ومناقصاتها
Tire Builders,بناة الإطارات
Helpers--Production Workers,المساعدون--عمال الإنتاج
"Production Workers, All Other",عمال الإنتاج، كل ما عدا ذلك
Transportation and Material Moving Occupations,مهن النقل ونقل المواد
First-Line Supervisors of Transportation and Material Moving Workers,مشرفو الخط الأول على عمال النقل ونقل المواد
Aircraft Cargo Handling Supervisors,مشرفو مناولة شحنات الطائرات
"First-Line Supervisors of Transportation and Material Moving Workers, Except Aircraft Cargo Handling Supervisors",مشرفو الخط الأول على عمال النقل ونقل المواد، باستثناء مشرفي مناولة شحنات الطائرات
Air Transportation Workers,عمال النقل الجوي
Aircraft Pilots and Flight Engineers,طيارو الطائرات ومهندسو الطيران
"Airline Pilots, Copilots, and Flight Engineers",طيارو الخطوط الجوية ومساعدو الطيارون ومهندسو الطيران
Commercial Pilots,الطيارون التجاريون
Air Traffic Controllers and Airfield Operations Specialists,مراقبو الحركة الجوية وأخصائيو عمليات المطارات
Air Traffic Controllers,مراقبو الحركة الجوية
Airfield Operations Specialists,أخصائيو عمليات المطارات
Flight Attendants,المضيفات
Motor Vehicle Operators,مشغلي السيارات
"Ambulance Drivers and Attendants, Except Emergency Medical Technicians",سائقو سيارات الإسعاف والمرافقون، باستثناء فنيي الطوارئ الطبية
Driver/Sales Workers and Truck Drivers,سائق/عمال مبيعات وسائقو شاحنات
Driver/Sales Workers,سائق / عمال مبيعات
Heavy and Tractor-Trailer Truck Drivers,سائقو الشاحنات الثقيلة والجرارات المقطورة
Light Truck Drivers,سائقو الشاحنات الخفيفة
Passenger Vehicle Drivers,سائقو سيارات الركاب
"Bus Drivers, School","سائقو الحافلات, مدرسة"
"Bus Drivers, Transit and Intercity",سائقو الحافلات والنقل والطرق بين المدن
Shuttle Drivers and Chauffeurs,سائقو المكوكات وسائقو المكوك
Taxi Drivers,سائقو سيارات الأجرة
"Motor Vehicle Operators, All Other",مشغلو السيارات، جميع الشركات الأخرى
Rail Transportation Workers,عمال النقل بالسكك الحديدية
Locomotive Engineers and Operators,مهندسو ومشغلي القاطرات
Locomotive Engineers,مهندسو القاطرات
"Rail Yard Engineers, Dinkey Operators, and Hostlers",مهندسو ساحة السكك الحديدية ومشغلي Dinkey والمضيفين
"Railroad Brake, Signal, and Switch Operators and Locomotive Firers",مشغلي فرامل السكك الحديدية والإشارات والتبديل ومشغلي الحرائق القاطرات
Railroad Conductors and Yardmasters,موصلات السكك الحديدية و Yardmasters
Subway and Streetcar Operators,مشغلي مترو الأنفاق وعربات الترام
"Rail Transportation Workers, All Other",عمال النقل بالسكك الحديدية، كل ما عدا ذلك
Water Transportation Workers,عمال النقل المائي
Sailors and Marine Oilers,البحارة وعمال النفط البحرية
Ship and Boat Captains and Operators,قباطنة ومشغلي السفن والقوارب
"Captains, Mates, and Pilots of Water Vessels",قباطنة وزملاء وطيارو السفن المائية
Motorboat Operators,مشغلي القوارب البخارية
Ship Engineers,مهندسو السفن
Other Transportation Workers,عمال النقل الآخرون
Bridge and Lock Tenders,مناقصات الجسر والقفل
Parking Attendants,العاملين في مواقف السيارات
Transportation Service Attendants,مضيفو خدمات النقل
Automotive and Watercraft Service Attendants,مضيفو خدمة السيارات والقوارب المائية
Aircraft Service Attendants,مضيفات خدمة الطائرات
Traffic Technicians,فنيو المرور
Transportation Inspectors,مفتشو النقل
Passenger Attendants,مضيفات الركاب
"Transportation Workers, All Other","عمال النقل, جميع المجالات الأخرى"
Material Moving Workers,عمال نقل المواد
Conveyor Operators and Tenders,مشغلي الناقلات والمناقصات
Crane and Tower Operators,مشغلي الرافعات والأبراج
Dredge Operators,مشغلي الجرافات
Hoist and Winch Operators,مشغلي الرافعات والرافعات
Industrial Truck and Tractor Operators,مشغلي الشاحنات والجرارات الصناعية
Laborers and Material Movers,العمال ومحركو المواد
Cleaners of Vehicles and Equipment,عمال النظافة للمركبات والمعدات
"Laborers and Freight, Stock, and Material Movers, Hand",العمال والشحن ، المخزون ، وناقلات المواد ، واليد
Machine Feeders and Offbearers,مغذيات الآلات وحاملوها
"Packers and Packagers, Hand",المعبئات والمعبئات، اليد
Stockers and Order Fillers,المخزونون وحشو الطلبات
Pumping Station Operators,مشغلي محطات الضخ
Gas Compressor and Gas Pumping Station Operators,مشغلي ضاغط الغاز ومحطات ضخ الغاز
"Pump Operators, Except Wellhead Pumpers",مشغلي المضخات، باستثناء مضخات رؤوس الآبار
Wellhead Pumpers,مضخات رأس البئر
Refuse and Recyclable Material Collectors,جامعي المواد القابلة للرفض وإعادة التدوير
"Tank Car, Truck, and Ship Loaders",لوادر السيارات والشاحنات والسفن
"Material Moving Workers, All Other",عمال نقل المواد ، كل ما عدا ذلك
