Occupation title (click on the occupation title to view its profile),Título de la ocupación (haga clic en el título de la ocupación para ver su perfil)
All Occupations,Todas las ocupaciones
Management Occupations,Ocupaciones gerenciales
Top Executives,Altos ejecutivos
Chief Executives,Directores Ejecutivos
General and Operations Managers,Gerentes Generales y de Operaciones
Legislators,Legisladores
"Advertising, Marketing, Promotions, Public Relations, and Sales Managers","Gerentes de publicidad, marketing, promociones, relaciones públicas y ventas"
Advertising and Promotions Managers,Gerentes de Publicidad y Promociones
Marketing and Sales Managers,Gerentes de Marketing y Ventas
Marketing Managers,Gerentes de Marketing
Sales Managers,Gerentes de Ventas
Public Relations and Fundraising Managers,Gerentes de Relaciones Públicas y Recaudación de Fondos
Public Relations Managers,Gerentes de Relaciones Públicas
Fundraising Managers,Gerentes de recaudación de fondos
Operations Specialties Managers,Gerentes de Especialidades de Operaciones
Administrative Services and Facilities Managers,Gerentes de Servicios Administrativos e Instalaciones
Administrative Services Managers,Gerentes de Servicios Administrativos
Facilities Managers,Gerentes de Instalaciones
Computer and Information Systems Managers,Gerentes de Computación y Sistemas de Información
Financial Managers,Gerentes Financieros
Industrial Production Managers,Gerentes de Producción Industrial
Purchasing Managers,Gerentes de Compras
"Transportation, Storage, and Distribution Managers","Gerentes de transporte, almacenamiento y distribución"
Compensation and Benefits Managers,Gerentes de Compensación y Beneficios
Human Resources Managers,Gerentes de Recursos Humanos
Training and Development Managers,Gerentes de Capacitación y Desarrollo
Other Management Occupations,Otras ocupaciones de gestión
"Farmers, Ranchers, and Other Agricultural Managers","Agricultores, ganaderos y otros gerentes agrícolas"
Construction Managers,Gerentes de Construcción
Education and Childcare Administrators,Administradores de Educación y Cuidado Infantil
"Education and Childcare Administrators, Preschool and Daycare","Administradores de Educación y Cuidado Infantil, Preescolar y Guardería"
"Education Administrators, Kindergarten through Secondary","Administradores de educación, desde kindergarten hasta secundaria"
"Education Administrators, Postsecondary","Administradores de Educación, Postsecundaria"
"Education Administrators, All Other","Administradores de educación, todos los demás"
Architectural and Engineering Managers,Gerentes de Arquitectura e Ingeniería
Food Service Managers,Gerentes de Servicio de Alimentos
Entertainment and Recreation Managers,Gerentes de entretenimiento y recreación
Gambling Managers,Gerentes de juegos de azar
"Entertainment and Recreation Managers, Except Gambling","Gerentes de entretenimiento y recreación, excepto juegos de azar"
Lodging Managers,Gerentes de Alojamiento
Medical and Health Services Managers,Gerentes de Servicios Médicos y de Salud
Natural Sciences Managers,Gerentes de Ciencias Naturales
Postmasters and Mail Superintendents,Postmasters y Superintendentes de Correo
"Property, Real Estate, and Community Association Managers","Administradores de Propiedades, Bienes Raíces y Asociaciones Comunitarias"
Social and Community Service Managers,Gerentes de Servicios Sociales y Comunitarios
Emergency Management Directors,Directores de Gestión de Emergencias
Personal Service Managers,Gerentes de Servicio Personal
Funeral Home Managers,Gerentes de Funerarias
"Personal Service Managers, All Other","Gerentes de servicios personales, todos los demás"
"Managers, All Other","gerentes, todos los demás"
Business and Financial Operations Occupations,Ocupaciones de negocios y operaciones financieras
Business Operations Specialists,Especialistas en Operaciones Comerciales
"Agents and Business Managers of Artists, Performers, and Athletes","Agentes y gerentes de negocios de artistas, artistas y atletas"
Buyers and Purchasing Agents,Compradores y agentes de compras
"Claims Adjusters, Appraisers, Examiners, and Investigators","Ajustadores, tasadores, examinadores e investigadores de reclamaciones"
"Claims Adjusters, Examiners, and Investigators","Ajustadores, examinadores e investigadores de reclamos"
"Insurance Appraisers, Auto Damage","Tasadores de seguros, daños a automóviles"
Compliance Officers,Oficiales de Cumplimiento
Cost Estimators,Estimadores de costos
Human Resources Workers,Trabajadores de Recursos Humanos
Human Resources Specialists,Especialistas en Recursos Humanos
Farm Labor Contractors,Contratistas de mano de obra agrícola
Labor Relations Specialists,Especialistas en Relaciones Laborales
Logisticians and Project Management Specialists,Logísticos y especialistas en gestión de proyectos
Logisticians,Logísticos
Project Management Specialists,Especialistas en Gestión de Proyectos
Management Analysts,Analistas de Gestión
"Meeting, Convention, and Event Planners","Planificadores de reuniones, convenciones y eventos"
Fundraisers,Recaudaciones de fondos
"Compensation, Benefits, and Job Analysis Specialists","Especialistas en compensación, beneficios y análisis de trabajo"
Training and Development Specialists,Especialistas en Capacitación y Desarrollo
Market Research Analysts and Marketing Specialists,Analistas de Investigación de Mercado y Especialistas en Marketing
"Business Operations Specialists, All Other","Especialistas en operaciones comerciales, todos los demás"
Financial Specialists,Especialistas Financieros
Accountants and Auditors,Contadores y Auditores
Property Appraisers and Assessors,Tasadores y tasadores de propiedades
Budget Analysts,Analistas de Presupuesto
Credit Analysts,Analistas de Crédito
Financial Analysts and Advisors,Analistas y Asesores Financieros
Financial and Investment Analysts,Analistas financieros y de inversión
Personal Financial Advisors,Asesores Financieros Personales
Insurance Underwriters,Suscriptores de seguros
Financial Risk Specialists,Especialistas en Riesgos Financieros
Financial Examiners,Examinadores financieros
Credit Counselors and Loan Officers,Asesores de crédito y oficiales de préstamos
Credit Counselors,Asesores de Crédito
Loan Officers,Oficiales de Crédito
"Tax Examiners, Collectors and Preparers, and Revenue Agents","Examinadores, recaudadores y preparadores de impuestos, y agentes de ingresos"
"Tax Examiners and Collectors, and Revenue Agents","Examinadores y recaudadores de impuestos, y agentes de ingresos"
Tax Preparers,Preparadores de impuestos
"Financial Specialists, All Other","Especialistas financieros, todos los demás"
Computer and Mathematical Occupations,Ocupaciones informáticas y matemáticas
Computer Occupations,Ocupaciones informáticas
Computer and Information Analysts,Analistas informáticos y de información
Computer Systems Analysts,Analistas de Sistemas Computacionales
Information Security Analysts,Analistas de Seguridad de la Información
Computer and Information Research Scientists,Científicos de investigación informática e información
Computer Support Specialists,Especialistas en soporte informático
Computer Network Support Specialists,Especialistas en soporte de redes informáticas
Computer User Support Specialists,Especialistas en soporte de usuarios de computadoras
Database and Network Administrators and Architects,Administradores y arquitectos de bases de datos y redes
Computer Network Architects,Arquitectos de redes informáticas
Database Administrators,Administradores de bases de datos
Database Architects,Arquitectos de bases de datos
Network and Computer Systems Administrators,Administradores de redes y sistemas informáticos
"Software and Web Developers, Programmers, and Testers","Desarrolladores, programadores y probadores de software y web"
Computer Programmers,Programadores informáticos
Software Developers,Desarrolladores de software
Software Quality Assurance Analysts and Testers,Analistas y probadores de control de calidad de software
Web Developers,Desarrolladores Web
Web and Digital Interface Designers,Diseñadores de interfaces web y digitales
"Computer Occupations, All Other","Ocupaciones informáticas, todas las demás"
Mathematical Science Occupations,Ocupaciones en Ciencias Matemáticas
Actuaries,Actuarios
Mathematicians,Matemáticos
Operations Research Analysts,Analistas de Investigación de Operaciones
Statisticians,Estadísticos
Data Scientists,Científicos de datos
"Mathematical Science Occupations, All Other","Ocupaciones de ciencias matemáticas, todas las demás"
Architecture and Engineering Occupations,Ocupaciones de arquitectura e ingeniería
"Architects, Surveyors, and Cartographers","Arquitectos, topógrafos y cartógrafos"
"Architects, Except Naval","Arquitectos, excepto navales"
"Architects, Except Landscape and Naval","Arquitectos, excepto paisajistas y navales"
Landscape Architects,Arquitectos paisajistas
"Surveyors, Cartographers, and Photogrammetrists","Topógrafos, cartógrafos y fotogrametristas"
Cartographers and Photogrammetrists,Cartógrafos y fotogrametristas
Surveyors,Topógrafos
Engineers,Ingenieros
Aerospace Engineers,Ingenieros Aeroespaciales
Agricultural Engineers,Ingenieros Agrónomos
Bioengineers and Biomedical Engineers,Bioingenieros e Ingenieros Biomédicos
Chemical Engineers,Ingenieros Químicos
Civil Engineers,Ingenieros Civiles
Computer Hardware Engineers,Ingenieros de Hardware Informático
Electrical and Electronics Engineers,Ingenieros Eléctricos y Electrónicos
Electrical Engineers,Ingenieros Eléctricos
"Electronics Engineers, Except Computer","Ingenieros electrónicos, excepto informática"
Environmental Engineers,Ingenieros Ambientales
"Industrial Engineers, Including Health and Safety","Ingenieros industriales, incluyendo salud y seguridad"
"Health and Safety Engineers, Except Mining Safety Engineers and Inspectors","Ingenieros de salud y seguridad, excepto ingenieros e inspectores de seguridad minera"
Industrial Engineers,Ingenieros Industriales
Marine Engineers and Naval Architects,Ingenieros Navales y Arquitectos Navales
Materials Engineers,Ingenieros de Materiales
Mechanical Engineers,Ingenieros Mecánicos
"Mining and Geological Engineers, Including Mining Safety Engineers","Ingenieros de minas y geólogos, incluidos los ingenieros de seguridad minera"
Nuclear Engineers,Ingenieros nucleares
Petroleum Engineers,Ingenieros petroleros
"Engineers, All Other","Ingenieros, todos los demás"
"Drafters, Engineering Technicians, and Mapping Technicians","Delineantes, técnicos de ingeniería y técnicos de cartografía"
Drafters,Redactores
Architectural and Civil Drafters,Dibujantes arquitectónicos y civiles
Electrical and Electronics Drafters,Dibujantes eléctricos y electrónicos
Mechanical Drafters,Delineantes mecánicos
"Drafters, All Other","Redactores de opinión, todos los demás"
"Engineering Technologists and Technicians, Except Drafters","Tecnólogos y técnicos de ingeniería, excepto los redactores"
Aerospace Engineering and Operations Technologists and Technicians,Ingeniería Aeroespacial y Tecnólogos y Técnicos de Operaciones
Civil Engineering Technologists and Technicians,Tecnólogos y técnicos en ingeniería civil
Electrical and Electronic Engineering Technologists and Technicians,Tecnólogos y técnicos de ingeniería eléctrica y electrónica
Electro-Mechanical and Mechatronics Technologists and Technicians,Tecnólogos y técnicos electromecánicos y mecatrónicos
Environmental Engineering Technologists and Technicians,Tecnólogos y técnicos en ingeniería ambiental
Industrial Engineering Technologists and Technicians,Tecnólogos y Técnicos en Ingeniería Industrial
Mechanical Engineering Technologists and Technicians,Tecnólogos y técnicos en ingeniería mecánica
Calibration Technologists and Technicians,Tecnólogos y técnicos de calibración
"Engineering Technologists and Technicians, Except Drafters, All Other","Tecnólogos y técnicos de ingeniería, excepto dibujantes, todos los demás"
Surveying and Mapping Technicians,Técnicos de topografía y cartografía
"Life, Physical, and Social Science Occupations","Ocupaciones de la vida, físicas y de ciencias sociales"
Life Scientists,Científicos de la vida
Agricultural and Food Scientists,Científicos agrícolas y alimentarios
Animal Scientists,Científicos de animales
Food Scientists and Technologists,Científicos y tecnólogos de alimentos
Soil and Plant Scientists,Científicos del suelo y las plantas
Biological Scientists,Científicos biológicos
Biochemists and Biophysicists,Bioquímicos y biofísicos
Microbiologists,Microbiólogos
Zoologists and Wildlife Biologists,Zoólogos y biólogos de vida silvestre
"Biological Scientists, All Other","Científicos biológicos, todos los demás"
Conservation Scientists and Foresters,Científicos de la conservación y silvicultores
Conservation Scientists,Científicos de la conservación
Foresters,Forestales
Medical Scientists,Científicos médicos
Epidemiologists,Epidemiólogos
"Medical Scientists, Except Epidemiologists","Científicos médicos, excepto epidemiólogos"
"Life Scientists, All Other","Científicos de la vida, todos los demás"
Physical Scientists,Científicos físicos
Astronomers and Physicists,Astrónomos y físicos
Astronomers,Astrónomos
Physicists,Físicos
Atmospheric and Space Scientists,Científicos atmosféricos y espaciales
Chemists and Materials Scientists,Químicos y científicos de materiales
Chemists,Químicos
Materials Scientists,Científicos de materiales
Environmental Scientists and Geoscientists,Científicos y Geocientíficos Ambientales
"Environmental Scientists and Specialists, Including Health","Científicos y especialistas ambientales, incluida la salud"
"Geoscientists, Except Hydrologists and Geographers","Geocientíficos, excepto hidrólogos y geógrafos"
Hydrologists,Hidrólogos
"Physical Scientists, All Other","Científicos físicos, todos los demás"
Social Scientists and Related Workers,Científicos sociales y trabajadores relacionados
Economists,Economistas
Survey Researchers,Investigadores de encuestas
Psychologists,Psicólogos
Industrial-Organizational Psychologists,Psicólogos Industriales-Organizacionales
Clinical and Counseling Psychologists,Psicólogos clínicos y de consejería
School Psychologists,Psicólogos escolares
"Psychologists, All Other","Psicólogos, todos los demás"
Sociologists,Sociólogos
Urban and Regional Planners,Planificadores urbanos y regionales
Miscellaneous Social Scientists and Related Workers,Varios científicos sociales y trabajadores relacionados
Anthropologists and Archeologists,Antropólogos y arqueólogos
Geographers,Geógrafos
Historians,Historiadores
Political Scientists,Politólogos
"Social Scientists and Related Workers, All Other","Científicos sociales y trabajadores relacionados, todos los demás"
"Life, Physical, and Social Science Technicians","Técnicos en Ciencias de la Vida, Físicas y Sociales"
Agricultural and Food Science Technicians,Técnicos en Ciencias Agrícolas y Alimentarias
Agricultural Technicians,Técnicos Agrónomos
Food Science Technicians,Técnicos en Ciencias de los Alimentos
Biological Technicians,Técnicos Biológicos
Chemical Technicians,Técnicos Químicos
Environmental Science and Geoscience Technicians,Técnicos en Ciencias Ambientales y Geociencias
"Environmental Science and Protection Technicians, Including Health","Técnicos en ciencias y protección del medio ambiente, incluida la salud"
"Geological Technicians, Except Hydrologic Technicians","Técnicos geológicos, excepto técnicos hidrológicos"
Hydrologic Technicians,Técnicos Hidrológicos
Nuclear Technicians,Técnicos nucleares
Social Science Research Assistants,Asistentes de Investigación en Ciencias Sociales
Forest and Conservation Technicians,Técnicos Forestales y de Conservación
"Miscellaneous Life, Physical, and Social Science Technicians","Técnicos diversos en ciencias sociales, físicas y de la vida"
Forensic Science Technicians,Técnicos en Ciencias Forenses
"Life, Physical, and Social Science Technicians, All Other","Técnicos de la vida, física y ciencias sociales, todos los demás"
Occupational Health and Safety Specialists and Technicians,Especialistas y técnicos en seguridad y salud ocupacional
Occupational Health and Safety Specialists,Especialistas en Seguridad y Salud Ocupacional
Occupational Health and Safety Technicians,Técnicos en Seguridad y Salud Ocupacional
Community and Social Service Occupations,Ocupaciones comunitarias y de servicios sociales
"Counselors, Social Workers, and Other Community and Social Service Specialists","Consejeros, trabajadores sociales y otros especialistas en servicios comunitarios y sociales"
Counselors,Consejeros
"Educational, Guidance, and Career Counselors and Advisors","Consejeros y asesores educativos, de orientación y profesionales"
Marriage and Family Therapists,Terapeutas matrimoniales y familiares
Rehabilitation Counselors,Consejeros de rehabilitación
"Substance Abuse, Behavioral Disorder, and Mental Health Counselors","Consejeros de abuso de sustancias, trastornos conductuales y salud mental"
"Counselors, All Other","Consejeros, todos los demás"
Social Workers,Trabajadores sociales
"Child, Family, and School Social Workers","Trabajadores sociales infantiles, familiares y escolares"
Healthcare Social Workers,Trabajadores sociales de atención médica
Mental Health and Substance Abuse Social Workers,Trabajadores sociales de salud mental y abuso de sustancias
"Social Workers, All Other","Trabajadores sociales, todos los demás"
Miscellaneous Community and Social Service Specialists,Especialistas en servicios sociales y comunitarios diversos
Health Education Specialists,Especialistas en Educación para la Salud
Probation Officers and Correctional Treatment Specialists,Oficiales de libertad condicional y especialistas en tratamiento correccional
Social and Human Service Assistants,Asistentes de Servicios Sociales y Humanos
Community Health Workers,Trabajadores de salud comunitarios
"Community and Social Service Specialists, All Other","Especialistas en servicios comunitarios y sociales, todos los demás"
Religious Workers,Trabajadores religiosos
Clergy,Clero
"Directors, Religious Activities and Education","Directores, Actividades Religiosas y Educación"
"Religious Workers, All Other","Trabajadores religiosos, todos los demás"
Legal Occupations,Ocupaciones legales
"Lawyers, Judges, and Related Workers","Abogados, jueces y trabajadores relacionados"
Lawyers and Judicial Law Clerks,Abogados y Secretarios Judiciales
Lawyers,Abogados
Judicial Law Clerks,Secretarios judiciales
"Judges, Magistrates, and Other Judicial Workers","Jueces, magistrados y otros trabajadores judiciales"
"Administrative Law Judges, Adjudicators, and Hearing Officers","Jueces, adjudicadores y oficiales de audiencias de derecho administrativo"
"Arbitrators, Mediators, and Conciliators","Árbitros, mediadores y conciliadores"
"Judges, Magistrate Judges, and Magistrates","Jueces, Jueces Magistrados y Magistrados"
Legal Support Workers,Trabajadores de apoyo legal
Paralegals and Legal Assistants,Paralegales y Asistentes Legales
Miscellaneous Legal Support Workers,Trabajadores de apoyo legal misceláneo
"Title Examiners, Abstractors, and Searchers","Examinadores de títulos, abstractores y buscadores"
"Legal Support Workers, All Other","Trabajadores de apoyo legal, todos los demás"
Educational Instruction and Library Occupations,Instrucción educativa y ocupaciones bibliotecarias
Postsecondary Teachers,Profesores Postsecundarios
"Business Teachers, Postsecondary","Profesores de Negocios, Postsecundaria"
"Math and Computer Science Teachers, Postsecondary","Profesores de Matemáticas y Ciencias de la Computación, Postsecundaria"
"Computer Science Teachers, Postsecondary","Profesores de Ciencias de la Computación, Postsecundaria"
"Mathematical Science Teachers, Postsecondary","Profesores de Ciencias Matemáticas, Postsecundaria"
"Engineering and Architecture Teachers, Postsecondary","Profesores de Ingeniería y Arquitectura, Postsecundaria"
"Architecture Teachers, Postsecondary","Profesores de Arquitectura, Postsecundaria"
"Engineering Teachers, Postsecondary","Profesores de Ingeniería, Postsecundaria"
"Life Sciences Teachers, Postsecondary","Profesores de Ciencias de la Vida, Postsecundaria"
"Agricultural Sciences Teachers, Postsecondary","Profesores de Ciencias Agrícolas, Postsecundaria"
"Biological Science Teachers, Postsecondary","Profesores de Ciencias Biológicas, Postsecundaria"
"Forestry and Conservation Science Teachers, Postsecondary","Profesores de Ciencias Forestales y de la Conservación, Postsecundaria"
"Physical Sciences Teachers, Postsecondary","Profesores de Ciencias Físicas, Postsecundaria"
"Atmospheric, Earth, Marine, and Space Sciences Teachers, Postsecondary","Profesores de Ciencias Atmosféricas, de la Tierra, Marinas y Espaciales, Postsecundaria"
"Chemistry Teachers, Postsecondary","Profesores de Química, Postsecundaria"
"Environmental Science Teachers, Postsecondary","Profesores de Ciencias Ambientales, Postsecundaria"
"Physics Teachers, Postsecondary","Profesores de Física, Postsecundaria"
"Social Sciences Teachers, Postsecondary","Profesores de Ciencias Sociales, Postsecundaria"
"Anthropology and Archeology Teachers, Postsecondary","Profesores de Antropología y Arqueología, Postsecundaria"
"Area, Ethnic, and Cultural Studies Teachers, Postsecondary","Maestros de Área, Estudios Étnicos y Culturales, Postsecundaria"
"Economics Teachers, Postsecondary","Profesores de Economía, Postsecundaria"
"Geography Teachers, Postsecondary","Profesores de Geografía, Postsecundaria"
"Political Science Teachers, Postsecondary","Profesores de Ciencias Políticas, Postsecundaria"
"Psychology Teachers, Postsecondary","Profesores de Psicología, Postsecundaria"
"Sociology Teachers, Postsecondary","Profesores de Sociología, Postsecundaria"
"Social Sciences Teachers, Postsecondary, All Other","Profesores de Ciencias Sociales, Postsecundaria, Todos los demás"
"Health Teachers, Postsecondary","Maestros de Salud, Postsecundaria"
"Health Specialties Teachers, Postsecondary","Maestros de Especialidades de Salud, Postsecundaria"
"Nursing Instructors and Teachers, Postsecondary","Instructores y Maestros de Enfermería, Postsecundaria"
"Education and Library Science Teachers, Postsecondary","Profesores de Educación y Biblioteconomía, Postsecundaria"
"Education Teachers, Postsecondary","Profesores de Educación, Postsecundaria"
"Library Science Teachers, Postsecondary","Profesores de Biblioteconomía, Postsecundaria"
"Law, Criminal Justice, and Social Work Teachers, Postsecondary","Profesores de Derecho, Justicia Penal y Trabajo Social, Postsecundaria"
"Criminal Justice and Law Enforcement Teachers, Postsecondary","Maestros de Justicia Criminal y Aplicación de la Ley, Postsecundaria"
"Law Teachers, Postsecondary","Profesores de Derecho, Postsecundaria"
"Social Work Teachers, Postsecondary","Profesores de Trabajo Social, Postsecundaria"
"Arts, Communications, History, and Humanities Teachers, Postsecondary","Profesores de Artes, Comunicaciones, Historia y Humanidades, Postsecundaria"
"Art, Drama, and Music Teachers, Postsecondary","Profesores de Arte, Teatro y Música, Postsecundaria"
"Communications Teachers, Postsecondary","Profesores de Comunicaciones, Postsecundaria"
"English Language and Literature Teachers, Postsecondary","Profesores de Lengua y Literatura Inglesa, Postsecundaria"
"Foreign Language and Literature Teachers, Postsecondary","Profesores de Lengua y Literatura Extranjeras, Postsecundaria"
"History Teachers, Postsecondary","Profesores de Historia, Postsecundaria"
"Philosophy and Religion Teachers, Postsecondary","Profesores de Filosofía y Religión, Postsecundaria"
Miscellaneous Postsecondary Teachers,Profesores postsecundarios misceláneos
"Family and Consumer Sciences Teachers, Postsecondary","Profesores de Ciencias de la Familia y del Consumidor, Postsecundaria"
"Recreation and Fitness Studies Teachers, Postsecondary","Profesores de Recreación y Estudios de Aptitud Física, Postsecundaria"
"Career/Technical Education Teachers, Postsecondary","Profesores de Educación Profesional/Técnica, Postsecundaria"
"Postsecondary Teachers, All Other","Maestros postsecundarios, todos los demás"
"Preschool, Elementary, Middle, Secondary, and Special Education Teachers","Maestros de preescolar, primaria, intermedia, secundaria y educación especial"
Preschool and Kindergarten Teachers,Maestros de preescolar y jardín de infantes
"Preschool Teachers, Except Special Education","Maestros de preescolar, excepto educación especial"
"Kindergarten Teachers, Except Special Education","Maestros de jardín de infantes, excepto educación especial"
Elementary and Middle School Teachers,Maestros de primaria y secundaria
"Elementary School Teachers, Except Special Education","Maestros de escuela primaria, excepto educación especial"
"Middle School Teachers, Except Special and Career/Technical Education","Maestros de escuela intermedia, excepto educación especial y profesional/técnica"
"Career/Technical Education Teachers, Middle School","Maestros de educación profesional/técnica, escuela intermedia"
Secondary School Teachers,Profesores de Secundaria
"Secondary School Teachers, Except Special and Career/Technical Education","Profesores de enseñanza secundaria, excepto educación especial y profesional/técnica"
"Career/Technical Education Teachers, Secondary School","Profesores de educación profesional/técnica, escuela secundaria"
Special Education Teachers,Maestros de educación especial
"Special Education Teachers, Preschool","Maestros de Educación Especial, Preescolar"
"Special Education Teachers, Kindergarten and Elementary School","Maestros de Educación Especial, Kindergarten y Escuela Primaria"
"Special Education Teachers, Middle School","Maestros de educación especial, escuela intermedia"
"Special Education Teachers, Secondary School","Maestros de Educación Especial, Escuela Secundaria"
"Special Education Teachers, All Other","Maestros de educación especial, todos los demás"
Other Teachers and Instructors,Otros profesores e instructores
"Adult Basic Education, Adult Secondary Education, and English as a Second Language Instructors","Instructores de educación básica para adultos, educación secundaria para adultos e inglés como segundo idioma"
Self-Enrichment Teachers,Maestros de autoenriquecimiento
"Substitute Teachers, Short-Term","Maestros sustitutos, a corto plazo"
Tutors,Tutores
"Teachers and Instructors, All Other","Profesores e instructores, todos los demás"
"Librarians, Curators, and Archivists","Bibliotecarios, curadores y archivistas"
"Archivists, Curators, and Museum Technicians","Archivistas, curadores y técnicos de museos"
Archivists,Archiveros
Curators,Curadores
Museum Technicians and Conservators,Técnicos y conservadores de museos
Librarians and Media Collections Specialists,Bibliotecarios y especialistas en colecciones de medios
Library Technicians,Técnicos de Biblioteca
Other Educational Instruction and Library Occupations,Otras ocupaciones de instrucción educativa y biblioteca
Farm and Home Management Educators,Educadores de administración de granjas y hogares
Instructional Coordinators,Coordinadores de instrucción
Teaching Assistants,Ayudantes de Enseñanza
"Teaching Assistants, Postsecondary","Asistentes de Enseñanza, Postsecundaria"
"Teaching Assistants, Except Postsecondary","Asistentes de enseñanza, excepto postsecundarios"
"Educational Instruction and Library Workers, All Other","Instrucción educativa y trabajadores de bibliotecas, todos los demás"
"Arts, Design, Entertainment, Sports, and Media Occupations","Arte, diseño, entretenimiento, deportes y ocupaciones de medios"
Art and Design Workers,Trabajadores de Arte y Diseño
Artists and Related Workers,Artistas y trabajadores relacionados
Art Directors,Directores de Arte
Craft Artists,Artistas artesanales
"Fine Artists, Including Painters, Sculptors, and Illustrators","Artistas plásticos, incluyendo pintores, escultores e ilustradores"
Special Effects Artists and Animators,Artistas y animadores de efectos especiales
"Artists and Related Workers, All Other","Artistas y trabajadores relacionados, todos los demás"
Designers,Diseñadores
Commercial and Industrial Designers,Diseñadores Comerciales e Industriales
Fashion Designers,Diseñadores de moda
Floral Designers,Diseñadores florales
Graphic Designers,Diseñadores Gráficos
Interior Designers,Interioristas
Merchandise Displayers and Window Trimmers,Displayers de mercancía y recortadores de ventanas
Set and Exhibit Designers,Diseñadores de escenografía y exhibición
"Designers, All Other","Diseñadores, todos los demás"
"Entertainers and Performers, Sports and Related Workers","Artistas y artistas, trabajadores deportivos y afines"
"Actors, Producers, and Directors","Actores, productores y directores"
Actors,Actores
Producers and Directors,Productores y Directores
"Athletes, Coaches, Umpires, and Related Workers","Atletas, entrenadores, árbitros y trabajadores relacionados"
Athletes and Sports Competitors,Atletas y competidores deportivos
Coaches and Scouts,Entrenadores y Scouts
"Umpires, Referees, and Other Sports Officials","Árbitros, árbitros y otros oficiales deportivos"
Dancers and Choreographers,Bailarines y coreógrafos
Dancers,Bailarines
Choreographers,Coreógrafos
"Musicians, Singers, and Related Workers","Músicos, cantantes y trabajadores relacionados"
Music Directors and Composers,Directores musicales y compositores
Musicians and Singers,Músicos y cantantes
"Miscellaneous Entertainers and Performers, Sports and Related Workers","Artistas y artistas diversos, trabajadores deportivos y afines"
"Disc Jockeys, Except Radio","Disc jockeys, excepto radio"
"Entertainers and Performers, Sports and Related Workers, All Other","Artistas y artistas intérpretes o ejecutantes, trabajadores de deportes y afines, todos los demás"
Media and Communication Workers,Trabajadores de medios y comunicación
Broadcast Announcers and Radio Disc Jockeys,Locutores de radiodifusión y disc jockeys de radio
"News Analysts, Reporters, and Journalists","Analistas de noticias, reporteros y periodistas"
Public Relations Specialists,Especialistas en Relaciones Públicas
Writers and Editors,Escritores y editores
Editors,Editores
Technical Writers,Escritores técnicos
Writers and Authors,Escritores y autores
Miscellaneous Media and Communication Workers,Trabajadores de diversos medios y comunicación
Interpreters and Translators,Intérpretes y traductores
Court Reporters and Simultaneous Captioners,Reporteros judiciales y subtituladores simultáneos
"Media and Communication Workers, All Other","Trabajadores de los medios de comunicación y la comunicación, todos los demás"
Media and Communication Equipment Workers,Trabajadores de medios y equipos de comunicación
"Broadcast, Sound, and Lighting Technicians","Técnicos de transmisión, sonido e iluminación"
Audio and Video Technicians,Técnicos de audio y video
Broadcast Technicians,Técnicos de Broadcast
Sound Engineering Technicians,Técnicos en Ingeniería de Sonido
Lighting Technicians,Técnicos de iluminación
Photographers,Fotógrafos
"Television, Video, and Film Camera Operators and Editors","Operadores y editores de cámaras de televisión, video y cine"
"Camera Operators, Television, Video, and Film","Operadores de cámara, televisión, video y cine"
Film and Video Editors,Editores de cine y vídeo
"Media and Communication Equipment Workers, All Other","Trabajadores de medios y equipos de comunicación, todos los demás"
Healthcare Practitioners and Technical Occupations,Profesionales de la salud y ocupaciones técnicas
Healthcare Diagnosing or Treating Practitioners,Profesionales del diagnóstico o tratamiento de la atención médica
Chiropractors,Quiroprácticos
Dentists,Dentistas
"Dentists, General","Dentistas, General"
Oral and Maxillofacial Surgeons,Cirujanos orales y maxilofaciales
Orthodontists,Ortodoncistas
Prosthodontists,Prostodoncistas
"Dentists, All Other Specialists","Dentistas, todos los demás especialistas"
Dietitians and Nutritionists,Dietistas y nutricionistas
Optometrists,Optometristas
Pharmacists,Farmacéuticos
Physician Assistants,Asistentes médicos
Podiatrists,Podólogos
Therapists,Terapeutas
Occupational Therapists,Terapeutas ocupacionales
Physical Therapists,Fisioterapeutas
Radiation Therapists,Radioterapeutas
Recreational Therapists,Terapeutas recreativos
Respiratory Therapists,Terapeutas respiratorios
Speech-Language Pathologists,Patólogos del habla y el lenguaje
Exercise Physiologists,Fisiólogos del ejercicio
"Therapists, All Other","Terapeutas, todos los demás"
Veterinarians,Veterinarios
Registered Nurses,Enfermeras registradas
Nurse Anesthetists,Enfermeras Anestesistas
Nurse Midwives,Enfermeras parteras
Nurse Practitioners,Enfermeras practicantes
Audiologists,Audiólogos
Physicians,Médicos
Anesthesiologists,Anestesiólogos
Cardiologists,Cardiólogos
Dermatologists,Dermatólogos
Emergency Medicine Physicians,Médicos de Medicina de Emergencia
Family Medicine Physicians,Médicos de medicina familiar
General Internal Medicine Physicians,Médicos de Medicina Interna General
Neurologists,Neurólogos
Obstetricians and Gynecologists,Obstetras y Ginecólogos
"Pediatricians, General","Pediatras, General"
"Physicians, Pathologists","Médicos, Patólogos"
Psychiatrists,Psiquiatras
Radiologists,Radiólogos
"Physicians, All Other","Médicos, todos los demás"
Surgeons,Cirujanos
"Ophthalmologists, Except Pediatric","Oftalmólogos, excepto pediátricos"
"Orthopedic Surgeons, Except Pediatric","Cirujanos ortopédicos, excepto pediátricos"
Pediatric Surgeons,Cirujanos pediátricos
"Surgeons, All Other","Cirujanos, todos los demás"
Miscellaneous Healthcare Diagnosing or Treating Practitioners,Médicos diversos de atención médica Diagnóstico o tratamiento
Acupuncturists,Acupunturistas
Dental Hygienists,Higienistas dentales
"Healthcare Diagnosing or Treating Practitioners, All Other","Profesionales del diagnóstico o tratamiento de la atención médica, todos los demás"
Health Technologists and Technicians,Tecnólogos y técnicos de la salud
Clinical Laboratory Technologists and Technicians,Tecnólogos y técnicos de laboratorio clínico
Diagnostic Related Technologists and Technicians,Tecnólogos y técnicos relacionados con el diagnóstico
Cardiovascular Technologists and Technicians,Tecnólogos y técnicos cardiovasculares
Diagnostic Medical Sonographers,Ecografistas médicos de diagnóstico
Nuclear Medicine Technologists,Tecnólogos en Medicina Nuclear
Radiologic Technologists and Technicians,Tecnólogos y técnicos radiológicos
Magnetic Resonance Imaging Technologists,Tecnólogos en imágenes por resonancia magnética
Medical Dosimetrists,Dosimetristas Médicos
Emergency Medical Technicians and Paramedics,Técnicos y paramédicos de emergencias médicas
Emergency Medical Technicians,Técnicos en emergencias médicas
Paramedics,Paramédicos
Health Practitioner Support Technologists and Technicians,Tecnólogos y técnicos de apoyo para profesionales de la salud
Dietetic Technicians,Técnicos Dietéticos
Pharmacy Technicians,Técnicos de Farmacia
Psychiatric Technicians,Técnicos psiquiátricos
Surgical Technologists,Tecnólogos quirúrgicos
Veterinary Technologists and Technicians,Tecnólogos y técnicos veterinarios
Ophthalmic Medical Technicians,Técnicos Médicos Oftalmológicos
Licensed Practical and Licensed Vocational Nurses,Enfermeras prácticas y vocacionales con licencia
Medical Records Specialists,Especialistas en registros médicos
"Opticians, Dispensing","Ópticas, Dispensadoras"
Miscellaneous Health Technologists and Technicians,Varios tecnólogos y técnicos de salud
Orthotists and Prosthetists,Ortopedistas y protésicos
Hearing Aid Specialists,Especialistas en audífonos
"Health Technologists and Technicians, All Other","tecnólogos y técnicos de la salud, todos los demás"
Other Healthcare Practitioners and Technical Occupations,Otros profesionales de la salud y ocupaciones técnicas
Health Information Technologists and Medical Registrars,Tecnólogos de información de salud y registradores médicos
Miscellaneous Health Practitioners and Technical Workers,Profesionales de la salud diversos y trabajadores técnicos
Athletic Trainers,Entrenadores atléticos
Genetic Counselors,Asesores genéticos
Surgical Assistants,Asistentes quirúrgicos
"Healthcare Practitioners and Technical Workers, All Other","Profesionales de la salud y trabajadores técnicos, todos los demás"
Healthcare Support Occupations,Ocupaciones de apoyo a la atención médica
"Home Health and Personal Care Aides; and Nursing Assistants, Orderlies, and Psychiatric Aides","Asistentes de salud y cuidado personal en el hogar; y auxiliares de enfermería, camareros y auxiliares psiquiátricos"
Home Health and Personal Care Aides,Asistentes de salud y cuidado personal en el hogar
"Nursing Assistants, Orderlies, and Psychiatric Aides","Auxiliares de enfermería, ordenanzas y auxiliares psiquiátricos"
Nursing Assistants,Auxiliares de enfermería
Orderlies,Ordenanzas
Psychiatric Aides,Asistentes psiquiátricos
Occupational Therapy and Physical Therapist Assistants and Aides,Asistentes y ayudantes de terapia ocupacional y fisioterapeutas
Occupational Therapy Assistants and Aides,Asistentes y auxiliares de terapia ocupacional
Occupational Therapy Assistants,Asistentes de Terapia Ocupacional
Occupational Therapy Aides,Asistentes de terapia ocupacional
Physical Therapist Assistants and Aides,Asistentes y ayudantes de fisioterapeutas
Physical Therapist Assistants,Asistentes de fisioterapeutas
Physical Therapist Aides,Ayudantes de fisioterapeuta
Other Healthcare Support Occupations,Otras ocupaciones de apoyo a la atención médica
Massage Therapists,Masajistas
Miscellaneous Healthcare Support Occupations,Ocupaciones diversas de apoyo a la atención médica
Dental Assistants,Asistentes dentales
Medical Assistants,Auxiliares médicos
Medical Equipment Preparers,Preparadores de equipos médicos
Medical Transcriptionists,Transcriptores médicos
Pharmacy Aides,Auxiliares de farmacia
Veterinary Assistants and Laboratory Animal Caretakers,Asistentes veterinarios y cuidadores de animales de laboratorio
Phlebotomists,Flebotomistas
"Healthcare Support Workers, All Other","Trabajadores de apoyo a la salud, todos los demás"
Protective Service Occupations,Ocupaciones del Servicio de Protección
Supervisors of Protective Service Workers,Supervisores de los Trabajadores del Servicio de Protección
First-Line Supervisors of Law Enforcement Workers,Supervisores de primera línea de los trabajadores encargados de hacer cumplir la ley
First-Line Supervisors of Correctional Officers,Supervisores de primera línea de oficiales correccionales
First-Line Supervisors of Police and Detectives,Supervisores de primera línea de policía y detectives
First-Line Supervisors of Firefighting and Prevention Workers,Supervisores de primera línea de trabajadores de extinción y prevención de incendios
"Miscellaneous First-Line Supervisors, Protective Service Workers","Varios supervisores de primera línea, trabajadores del servicio de protección"
First-Line Supervisors of Security Workers,Supervisores de primera línea de trabajadores de seguridad
"First-Line Supervisors of Protective Service Workers, All Other","Supervisores de primera línea de los trabajadores de servicios de protección, todos los demás"
Firefighting and Prevention Workers,Trabajadores de extinción y prevención de incendios
Firefighters,Bomberos
Fire Inspectors,Inspectores de Incendios
Fire Inspectors and Investigators,Inspectores e investigadores de incendios
Forest Fire Inspectors and Prevention Specialists,Inspectores de incendios forestales y especialistas en prevención
Law Enforcement Workers,Trabajadores encargados de hacer cumplir la ley
"Bailiffs, Correctional Officers, and Jailers","Alguaciles, oficiales correccionales y carceleros"
Bailiffs,Alguaciles
Correctional Officers and Jailers,Oficiales correccionales y carceleros
Detectives and Criminal Investigators,Detectives e investigadores criminales
Fish and Game Wardens,Guardianes de peces y caza
Parking Enforcement Workers,Trabajadores de control de estacionamiento
Police Officers,Policías
Police and Sheriff's Patrol Officers,Policía y oficiales de patrulla del sheriff
Transit and Railroad Police,Policía de Tránsito y Ferrocarriles
Other Protective Service Workers,Otros trabajadores del servicio de protección
Animal Control Workers,Trabajadores de Control de Animales
Private Detectives and Investigators,Detectives privados e investigadores
Security Guards and Gambling Surveillance Officers,Guardias de seguridad y oficiales de vigilancia del juego
Gambling Surveillance Officers and Gambling Investigators,Oficiales de vigilancia del juego e investigadores de juegos de azar
Security Guards,Guardias de seguridad
Miscellaneous Protective Service Workers,Trabajadores del Servicio de Protección Miscelánea
Crossing Guards and Flaggers,Guardias de cruce y banderilleros
"Lifeguards, Ski Patrol, and Other Recreational Protective Service Workers","Salvavidas, patrullas de esquí y otros trabajadores de servicios de protección recreativa"
Transportation Security Screeners,Inspectores de seguridad en el transporte
School Bus Monitors,Monitores de autobuses escolares
"Protective Service Workers, All Other","Trabajadores de servicios de protección, todos los demás"
Food Preparation and Serving Related Occupations,Preparación de alimentos y ocupaciones relacionadas con el servicio
Supervisors of Food Preparation and Serving Workers,Supervisores de trabajadores de preparación y servicio de alimentos
Chefs and Head Cooks,Chefs y jefes de cocina
First-Line Supervisors of Food Preparation and Serving Workers,Supervisores de primera línea de preparación de alimentos y trabajadores de servicio
Cooks and Food Preparation Workers,Cocineros y trabajadores de preparación de alimentos
Cooks,Cocineros
"Cooks, Fast Food","Cocineros, Comida rápida"
"Cooks, Institution and Cafeteria","Cocineros, Institución y Cafetería"
"Cooks, Private Household","Cocineros, Hogar privado"
"Cooks, Restaurant","Cocineros, Restaurante"
"Cooks, Short Order","Cocineros, Pedido corto"
"Cooks, All Other","Cocineros, todos los demás"
Food Preparation Workers,Trabajadores de preparación de alimentos
Food and Beverage Serving Workers,Trabajadores que sirven alimentos y bebidas
Bartenders,Camareros
Fast Food and Counter Workers,Trabajadores de comida rápida y mostrador
Waiters and Waitresses,Camareros y Camareras
"Food Servers, Nonrestaurant","Servidores de comida, No restaurante"
Other Food Preparation and Serving Related Workers,Otros trabajadores relacionados con la preparación y el servicio de alimentos
Dining Room and Cafeteria Attendants and Bartender Helpers,Asistentes de comedor y cafetería y ayudantes de barman
Dishwashers,Lavavajillas
"Hosts and Hostesses, Restaurant, Lounge, and Coffee Shop","Anfitriones y azafatas, restaurante, salón y cafetería"
"Food Preparation and Serving Related Workers, All Other","Preparación de alimentos y servicio de trabajadores relacionados, todos los demás"
Building and Grounds Cleaning and Maintenance Occupations,Ocupaciones de limpieza y mantenimiento de edificios y terrenos
First-Line Supervisors of Building and Grounds Cleaning and Maintenance Workers,Supervisores de primera línea de trabajadores de limpieza y mantenimiento de edificios y terrenos
First-Line Supervisors of Housekeeping and Janitorial Workers,Supervisores de primera línea de trabajadores de limpieza y limpieza
"First-Line Supervisors of Landscaping, Lawn Service, and Groundskeeping Workers","Supervisores de primera línea de paisajismo, servicio de jardinería y trabajadores de jardinería"
Building Cleaning and Pest Control Workers,Trabajadores de limpieza de edificios y control de plagas
Building Cleaning Workers,Trabajadores de limpieza de edificios
"Janitors and Cleaners, Except Maids and Housekeeping Cleaners","Conserjes y limpiadores, excepto sirvientas y limpiadores de limpieza"
Maids and Housekeeping Cleaners,Sirvientas y limpiadoras
"Building Cleaning Workers, All Other","Trabajadores de limpieza de edificios, todos los demás"
Pest Control Workers,Trabajadores de control de plagas
Grounds Maintenance Workers,Trabajadores de mantenimiento de terrenos
Landscaping and Groundskeeping Workers,Trabajadores de paisajismo y jardinería
"Pesticide Handlers, Sprayers, and Applicators, Vegetation","Manipuladores de pesticidas, pulverizadores y aplicadores, vegetación"
Tree Trimmers and Pruners,Recortadores y podadores de árboles
"Grounds Maintenance Workers, All Other","Trabajadores de mantenimiento de terrenos, todos los demás"
Personal Care and Service Occupations,Ocupaciones de cuidado personal y servicio
Supervisors of Personal Care and Service Workers,Supervisores de Cuidado Personal y Trabajadores de Servicios
First-Line Supervisors of Entertainment and Recreation Workers,Supervisores de primera línea de trabajadores de entretenimiento y recreación
First-Line Supervisors of Gambling Services Workers,Supervisores de primera línea de trabajadores de servicios de juego
"First-Line Supervisors of Entertainment and Recreation Workers, Except Gambling Services","Supervisores de primera línea de trabajadores de entretenimiento y recreación, excepto servicios de juegos de azar"
First-Line Supervisors of Personal Service Workers,Supervisores de primera línea de trabajadores de servicios personales
Animal Care and Service Workers,Trabajadores de cuidado y servicio de animales
Animal Trainers,Entrenadores de animales
Animal Caretakers,Cuidadores de animales
Entertainment Attendants and Related Workers,Asistentes de entretenimiento y trabajadores relacionados
Gambling Services Workers,Trabajadores de servicios de juego
Gambling Dealers,Distribuidores de juegos de azar
Gambling and Sports Book Writers and Runners,Escritores y corredores de apuestas deportivas y juegos de azar
"Gambling Service Workers, All Other","Trabajadores de servicios de juegos de azar, todos los demás"
Motion Picture Projectionists,Proyeccionistas de películas
"Ushers, Lobby Attendants, and Ticket Takers","Acomodadores, asistentes de lobby y tomadores de boletos"
Miscellaneous Entertainment Attendants and Related Workers,Asistentes de entretenimiento diversos y trabajadores relacionados
Amusement and Recreation Attendants,Asistentes de diversión y recreación
Costume Attendants,Asistentes de vestuario
"Locker Room, Coatroom, and Dressing Room Attendants","Asistentes de vestuario, abrigo y vestuario"
"Entertainment Attendants and Related Workers, All Other","Asistentes de entretenimiento y trabajadores relacionados, todos los demás"
Funeral Service Workers,Trabajadores de servicios funerarios
Embalmers and Crematory Operators,Embalsamadores y operadores de crematorios
Embalmers,Embalsamadores
Crematory Operators,Operadores de crematorios
Funeral Attendants,Asistentes funerarios
"Morticians, Undertakers, and Funeral Arrangers","Morticians, funerarias y organizadores funerarios"
Personal Appearance Workers,Trabajadores de apariencia personal
"Barbers, Hairdressers, Hairstylists and Cosmetologists","Barberos, peluqueros, estilistas y cosmetólogos"
Barbers,Barberos
"Hairdressers, Hairstylists, and Cosmetologists","Peluqueros, estilistas y cosmetólogos"
Miscellaneous Personal Appearance Workers,Trabajadores de apariencia personal miscelánea
"Makeup Artists, Theatrical and Performance","Maquilladores, teatrales y performance"
Manicurists and Pedicurists,Manicuristas y Pedicuristas
Shampooers,Champús
Skincare Specialists,Especialistas en cuidado de la piel
"Baggage Porters, Bellhops, and Concierges","Porteadores de equipaje, botones y conserjes"
Baggage Porters and Bellhops,Porteadores de equipaje y botones
Concierges,Conserjes
Tour and Travel Guides,Tour y guías de viaje
Other Personal Care and Service Workers,Otros trabajadores de cuidado personal y servicios
Childcare Workers,Trabajadores de cuidado infantil
Recreation and Fitness Workers,Trabajadores de recreación y acondicionamiento físico
Exercise Trainers and Group Fitness Instructors,Entrenadores de ejercicios e instructores de fitness grupal
Recreation Workers,Trabajadores de recreación
Residential Advisors,Asesores Residenciales
"Personal Care and Service Workers, All Other","Trabajadores de cuidado personal y servicios, todos los demás"
Sales and Related Occupations,Ventas y ocupaciones relacionadas
First-Line Supervisors of Sales Workers,Supervisores de primera línea de trabajadores de ventas
First-Line Supervisors of Retail Sales Workers,Supervisores de primera línea de trabajadores de ventas minoristas
First-Line Supervisors of Non-Retail Sales Workers,Supervisores de primera línea de trabajadores de ventas no minoristas
Retail Sales Workers,Trabajadores de ventas minoristas
Cashiers,Cajeros
Cashiers,Cajeros
Gambling Change Persons and Booth Cashiers,Cambio de juegos de azar personas y cajeros de cabina
Counter and Rental Clerks and Parts Salespersons,Mostradores y empleados de alquiler y vendedores de piezas
Counter and Rental Clerks,Mostrador y empleados de alquiler
Parts Salespersons,Vendedores de piezas
Retail Salespersons,Vendedores minoristas
"Sales Representatives, Services","Representantes de ventas, Servicios"
Advertising Sales Agents,Agentes de Ventas de Publicidad
Insurance Sales Agents,Agentes de Ventas de Seguros
"Securities, Commodities, and Financial Services Sales Agents","Agentes de ventas de valores, materias primas y servicios financieros"
Travel Agents,Agentes de Viajes
"Sales Representatives of Services, Except Advertising, Insurance, Financial Services, and Travel","Representantes de ventas de servicios, excepto publicidad, seguros, servicios financieros y viajes"
"Sales Representatives, Wholesale and Manufacturing","Representantes de ventas, mayoristas y de fabricación"
"Sales Representatives, Wholesale and Manufacturing, Technical and Scientific Products","Representantes de ventas, venta al por mayor y fabricación, productos técnicos y científicos"
"Sales Representatives, Wholesale and Manufacturing, Except Technical and Scientific Products","Representantes de ventas, al por mayor y fabricación, excepto productos técnicos y científicos"
Other Sales and Related Workers,Otros trabajadores de ventas y relacionados
"Models, Demonstrators, and Product Promoters","Modelos, demostradores y promotores de productos"
Demonstrators and Product Promoters,Demostradores y promotores de productos
Models,Modelos
Real Estate Brokers and Sales Agents,Corredores de Bienes Raíces y Agentes de Ventas
Real Estate Brokers,Corredores de Bienes Raíces
Real Estate Sales Agents,Agentes de Ventas de Bienes Raíces
Sales Engineers,Ingenieros de ventas
Telemarketers,Televendedores
Miscellaneous Sales and Related Workers,Ventas Misceláneas y Trabajadores Relacionados
"Door-to-Door Sales Workers, News and Street Vendors, and Related Workers","Vendedores puerta a puerta, vendedores ambulantes y de noticias, y trabajadores relacionados"
"Sales and Related Workers, All Other","Trabajadores de ventas y afines, todos los demás"
Office and Administrative Support Occupations,Ocupaciones de oficina y apoyo administrativo
First-Line Supervisors of Office and Administrative Support Workers,Supervisores de primera línea de trabajadores de oficina y apoyo administrativo
Communications Equipment Operators,Operadores de equipos de comunicaciones
"Switchboard Operators, Including Answering Service","Operadores de centralita, incluido el servicio de contestador automático"
Telephone Operators,Operadores telefónicos
"Communications Equipment Operators, All Other","Operadores de equipos de comunicaciones, todos los demás"
Financial Clerks,Empleados financieros
Bill and Account Collectors,Cobros de facturas y cuentas
Billing and Posting Clerks,Empleados de facturación y contabilización
"Bookkeeping, Accounting, and Auditing Clerks","Empleados de teneduría de libros, contabilidad y auditoría"
Gambling Cage Workers,Trabajadores de jaulas de juego
Payroll and Timekeeping Clerks,Empleados de nómina y cronometraje
Procurement Clerks,Empleados de adquisiciones
Tellers,Cajeros
"Financial Clerks, All Other","Empleados financieros, todos los demás"
Information and Record Clerks,Empleados de información y registro
Brokerage Clerks,Empleados de corretaje
Correspondence Clerks,Empleados de correspondencia
"Court, Municipal, and License Clerks","Secretarios judiciales, municipales y de licencias"
"Credit Authorizers, Checkers, and Clerks","Autorizadores de crédito, verificadores y empleados"
Customer Service Representatives,Representantes de Servicio al Cliente
"Eligibility Interviewers, Government Programs","Entrevistadores de elegibilidad, programas gubernamentales"
File Clerks,Empleados de archivo
"Hotel, Motel, and Resort Desk Clerks","Recepcionistas de hoteles, moteles y resorts"
"Interviewers, Except Eligibility and Loan","Entrevistadores, excepto elegibilidad y préstamo"
"Library Assistants, Clerical","Auxiliares de biblioteca, administrativos"
Loan Interviewers and Clerks,Entrevistadores y empleados de préstamos
New Accounts Clerks,Empleados de Cuentas Nuevas
Order Clerks,Empleados de pedidos
"Human Resources Assistants, Except Payroll and Timekeeping","Asistentes de recursos humanos, excepto nómina y cronometraje"
Receptionists and Information Clerks,Recepcionistas y empleados de información
Reservation and Transportation Ticket Agents and Travel Clerks,Agentes de boletos de reserva y transporte y empleados de viajes
"Information and Record Clerks, All Other","Empleados de información y registros, todos los demás"
"Material Recording, Scheduling, Dispatching, and Distributing Workers","Registro, programación, envío y distribución de materiales"
Cargo and Freight Agents,Agentes de carga y carga
Couriers and Messengers,Mensajeros y mensajeros
Dispatchers,Despachadores
Public Safety Telecommunicators,Telecomunicadores de seguridad pública
"Dispatchers, Except Police, Fire, and Ambulance","Despachadores, excepto policía, bomberos y ambulancias"
"Meter Readers, Utilities","Lectores de medidores, Utilidades"
Postal Service Workers,Trabajadores del Servicio Postal
Postal Service Clerks,Empleados del Servicio Postal
Postal Service Mail Carriers,Carteros del servicio postal
"Postal Service Mail Sorters, Processors, and Processing Machine Operators","Clasificadores, procesadores y operadores de máquinas de procesamiento de correo del servicio postal"
"Production, Planning, and Expediting Clerks","Empleados de producción, planificación y expedición"
"Shipping, Receiving, and Inventory Clerks","Empleados de envío, recepción e inventario"
"Weighers, Measurers, Checkers, and Samplers, Recordkeeping","Pesadoras, medidoras, damas y muestreadoras, mantenimiento de registros"
Secretaries and Administrative Assistants,Secretarias y Auxiliares Administrativas
Executive Secretaries and Executive Administrative Assistants,Secretarios Ejecutivos y Asistentes Administrativos Ejecutivos
Legal Secretaries and Administrative Assistants,Secretarios Jurídicos y Auxiliares Administrativos
Medical Secretaries and Administrative Assistants,Secretarias Médicas y Auxiliares Administrativas
"Secretaries and Administrative Assistants, Except Legal, Medical, and Executive","Secretarios y asistentes administrativos, excepto legales, médicos y ejecutivos"
Other Office and Administrative Support Workers,Otros trabajadores de oficina y apoyo administrativo
Data Entry and Information Processing Workers,Trabajadores de entrada de datos y procesamiento de información
Data Entry Keyers,Keyers de entrada de datos
Word Processors and Typists,Procesadores de texto y mecanógrafos
Desktop Publishers,Editores de escritorio
Insurance Claims and Policy Processing Clerks,Empleados de Procesamiento de Pólizas y Reclamos de Seguros
"Mail Clerks and Mail Machine Operators, Except Postal Service","Empleados de correo y operadores de máquinas de correo, excepto el servicio postal"
"Office Clerks, General","Empleados de oficina, General"
"Office Machine Operators, Except Computer","Operadores de máquinas de oficina, excepto computadoras"
Proofreaders and Copy Markers,Correctores y marcadores de copia
Statistical Assistants,Asistentes Estadísticos
"Office and Administrative Support Workers, All Other","Trabajadores de oficina y apoyo administrativo, todos los demás"
"Farming, Fishing, and Forestry Occupations","Ocupaciones agrícolas, pesqueras y forestales"
"First-Line Supervisors of Farming, Fishing, and Forestry Workers","Supervisores de primera línea de trabajadores agrícolas, pesqueros y forestales"
Agricultural Workers,Trabajadores agrícolas
Agricultural Inspectors,Inspectores agrícolas
Animal Breeders,Criadores de animales
"Graders and Sorters, Agricultural Products","Clasificadoras y clasificadoras, productos agrícolas"
Miscellaneous Agricultural Workers,Trabajadores agrícolas diversos
Agricultural Equipment Operators,Operadores de equipos agrícolas
"Farmworkers and Laborers, Crop, Nursery, and Greenhouse","Trabajadores agrícolas y obreros, cultivos, viveros e invernaderos"
"Farmworkers, Farm, Ranch, and Aquacultural Animals","Trabajadores agrícolas, granjas, ranchos y animales acuícolas"
"Agricultural Workers, All Other","Trabajadores agrícolas, todos los demás"
"Forest, Conservation, and Logging Workers","Trabajadores forestales, de conservación y madereros"
Forest and Conservation Workers,Trabajadores forestales y de conservación
Logging Workers,Trabajadores madereros
Fallers,Fallers
Logging Equipment Operators,Operadores de equipos de registro
Log Graders and Scalers,Clasificadoras y escaladoras de registros
"Logging Workers, All Other","Trabajadores madereros, todos los demás"
Construction and Extraction Occupations,Ocupaciones de construcción y extracción
First-Line Supervisors of Construction Trades and Extraction Workers,Supervisores de primera línea de oficios de la construcción y trabajadores de extracción
Construction Trades Workers,Trabajadores de oficios de la construcción
Boilermakers,Caldereros
"Brickmasons, Blockmasons, and Stonemasons","Albañiles, masones y canteros"
Brickmasons and Blockmasons,Albañiles y Blockmasons
Stonemasons,Canteros
Carpenters,Carpinteros
"Carpet, Floor, and Tile Installers and Finishers","Instaladores y acabados de alfombras, pisos y baldosas"
Carpet Installers,Instaladores de alfombras
"Floor Layers, Except Carpet, Wood, and Hard Tiles","Capas de piso, excepto alfombras, madera y baldosas duras"
Floor Sanders and Finishers,Lijadoras y acabados de suelo
Tile and Stone Setters,Colocadores de azulejos y piedras
"Cement Masons, Concrete Finishers, and Terrazzo Workers","Albañiles de cemento, acabados de hormigón y trabajadores del terrazo"
Cement Masons and Concrete Finishers,Albañiles de cemento y acabados de hormigón
Terrazzo Workers and Finishers,Trabajadores y acabados de terrazo
Construction Laborers,Obreros de la construcción
Construction Equipment Operators,Operadores de equipos de construcción
"Paving, Surfacing, and Tamping Equipment Operators","Operadores de equipos de pavimentación, revestimiento y apisonamiento"
Pile Driver Operators,Operadores de conductores de pilotes
Operating Engineers and Other Construction Equipment Operators,Ingenieros operativos y otros operadores de equipos de construcción
"Drywall Installers, Ceiling Tile Installers, and Tapers","Instaladores de paneles de yeso, instaladores de plafones y cónicos"
Drywall and Ceiling Tile Installers,Instaladores de paneles de yeso y plafones
Tapers,Disminuye
Electricians,Electricistas
Glaziers,Cristalerías
Insulation Workers,Trabajadores de aislamiento
"Insulation Workers, Floor, Ceiling, and Wall","Trabajadores de aislamiento, piso, techo y pared"
"Insulation Workers, Mechanical","Trabajadores de Aislamiento, Mecánicos"
Painters and Paperhangers,Pintores y colgadores de papel
"Painters, Construction and Maintenance","Pintores, Construcción y Mantenimiento"
Paperhangers,Perchas de papel
"Pipelayers, Plumbers, Pipefitters, and Steamfitters","Pipelayers, fontaneros, instaladores de tuberías y instaladores de vapor"
Pipelayers,Pipelayers
"Plumbers, Pipefitters, and Steamfitters","Fontaneros, instaladores de tuberías y instaladores de vapor"
Plasterers and Stucco Masons,Yeseros y albañiles de estuco
Reinforcing Iron and Rebar Workers,Refuerzo de los trabajadores del hierro y las barras de refuerzo
Roofers,Techadores
Sheet Metal Workers,Trabajadores de la chapa
Structural Iron and Steel Workers,Trabajadores estructurales del hierro y el acero
Solar Photovoltaic Installers,Instaladores solares fotovoltaicos
"Helpers, Construction Trades","Ayudantes, Oficios de la Construcción"
"Helpers--Brickmasons, Blockmasons, Stonemasons, and Tile and Marble Setters","Ayudantes: albañiles, albañiles, canteros y colocadores de azulejos y mármoles"
Helpers--Carpenters,Ayudantes - Carpinteros
Helpers--Electricians,Ayudantes - Electricistas
"Helpers--Painters, Paperhangers, Plasterers, and Stucco Masons","Ayudantes: pintores, colgadores de papel, yeseros y albañiles de estuco"
"Helpers--Pipelayers, Plumbers, Pipefitters, and Steamfitters","Ayudantes: capadores de tuberías, plomeros, instaladores de tuberías y instaladores de vapor"
Helpers--Roofers,Ayudantes - Techadores
"Helpers, Construction Trades, All Other","Ayudantes, oficios de la construcción, todos los demás"
Other Construction and Related Workers,Otros trabajadores de la construcción y afines
Construction and Building Inspectors,Inspectores de construcción y edificación
Elevator and Escalator Installers and Repairers,Instaladores y reparadores de ascensores y escaleras mecánicas
Fence Erectors,Erectores de cercas
Hazardous Materials Removal Workers,Trabajadores de eliminación de materiales peligrosos
Highway Maintenance Workers,Trabajadores de mantenimiento de carreteras
Rail-Track Laying and Maintenance Equipment Operators,Operadores de equipos de tendido y mantenimiento de vías férreas
Septic Tank Servicers and Sewer Pipe Cleaners,Administradores de tanques sépticos y limpiadores de tuberías de alcantarillado
Miscellaneous Construction and Related Workers,Trabajadores diversos de la construcción y afines
Extraction Workers,Trabajadores de extracción
"Derrick, Rotary Drill, and Service Unit Operators, Oil and Gas","Operadores de torres de perforación, perforación rotativa y unidades de servicio, petróleo y gas"
"Derrick Operators, Oil and Gas","Operadores de Torres de Perforación, Petróleo y Gas"
"Rotary Drill Operators, Oil and Gas","Operadores de taladros rotativos, petróleo y gas"
"Service Unit Operators, Oil and Gas","Operadores de unidades de servicio, petróleo y gas"
Surface Mining Machine Operators and Earth Drillers,Operadores de máquinas mineras de superficie y perforadores de tierra
"Excavating and Loading Machine and Dragline Operators, Surface Mining","Operadores de máquinas de excavación y carga y dragalinas, minería de superficie"
"Earth Drillers, Except Oil and Gas","Perforadores de tierra, excepto petróleo y gas"
"Explosives Workers, Ordnance Handling Experts, and Blasters","Trabajadores de explosivos, expertos en manejo de municiones y blásteres"
Underground Mining Machine Operators,Operadores de máquinas mineras subterráneas
Continuous Mining Machine Operators,Operadores de máquinas mineras continuas
"Roof Bolters, Mining","Bolters de techo, minería"
"Loading and Moving Machine Operators, Underground Mining","Operadores de máquinas de carga y movimiento, minería subterránea"
"Underground Mining Machine Operators, All Other","Operadores de máquinas mineras subterráneas, todos los demás"
"Rock Splitters, Quarry","Divisores de roca, cantera"
"Roustabouts, Oil and Gas","Roustabouts, petróleo y gas"
Helpers--Extraction Workers,Ayudantes - Trabajadores de extracción
"Extraction Workers, All Other","Trabajadores de extracción, todos los demás"
"Installation, Maintenance, and Repair Occupations","Ocupaciones de instalación, mantenimiento y reparación"
"First-Line Supervisors of Mechanics, Installers, and Repairers","Supervisores de primera línea de mecánicos, instaladores y reparadores"
"Electrical and Electronic Equipment Mechanics, Installers, and Repairers","Mecánicos, instaladores y reparadores de equipos eléctricos y electrónicos"
"Computer, Automated Teller, and Office Machine Repairers","Reparadores de computadoras, cajeros automáticos y máquinas de oficina"
Radio and Telecommunications Equipment Installers and Repairers,Instaladores y reparadores de equipos de radio y telecomunicaciones
"Radio, Cellular, and Tower Equipment Installers and Repairers","Instaladores y reparadores de equipos de radio, celulares y torres"
"Telecommunications Equipment Installers and Repairers, Except Line Installers","Instaladores y reparadores de equipos de telecomunicaciones, excepto instaladores de línea"
"Miscellaneous Electrical and Electronic Equipment Mechanics, Installers, and Repairers","Mecánicos, instaladores y reparadores de equipos eléctricos y electrónicos diversos"
Avionics Technicians,Técnicos de Aviónica
"Electric Motor, Power Tool, and Related Repairers","Motor eléctrico, herramienta eléctrica y reparadores relacionados"
"Electrical and Electronics Installers and Repairers, Transportation Equipment","Instaladores y reparadores eléctricos y electrónicos, equipos de transporte"
"Electrical and Electronics Repairers, Commercial and Industrial Equipment","Reparadores eléctricos y electrónicos, equipos comerciales e industriales"
"Electrical and Electronics Repairers, Powerhouse, Substation, and Relay","Reparadores eléctricos y electrónicos, casa de máquinas, subestación y relé"
"Electronic Equipment Installers and Repairers, Motor Vehicles","Instaladores y reparadores de equipos electrónicos, vehículos de motor"
Audiovisual Equipment Installers and Repairers,Instaladores y reparadores de equipos audiovisuales
Security and Fire Alarm Systems Installers,Instaladores de Sistemas de Seguridad y Alarmas contra Incendios
"Vehicle and Mobile Equipment Mechanics, Installers, and Repairers","Mecánicos, instaladores y reparadores de vehículos y equipos móviles"
Aircraft Mechanics and Service Technicians,Mecánicos de aeronaves y técnicos de servicio
Automotive Technicians and Repairers,Técnicos y reparadores automotrices
Automotive Body and Related Repairers,Reparadores de carrocerías y afines
Automotive Glass Installers and Repairers,Instaladores y reparadores de vidrios automotrices
Automotive Service Technicians and Mechanics,Técnicos y mecánicos de servicio automotriz
Bus and Truck Mechanics and Diesel Engine Specialists,Mecánicos de autobuses y camiones y especialistas en motores diesel
Heavy Vehicle and Mobile Equipment Service Technicians and Mechanics,Técnicos y mecánicos de servicio de vehículos pesados y equipos móviles
Farm Equipment Mechanics and Service Technicians,Mecánicos de equipos agrícolas y técnicos de servicio
"Mobile Heavy Equipment Mechanics, Except Engines","Mecánicos móviles de equipos pesados, excepto motores"
Rail Car Repairers,Reparadores de vagones
Small Engine Mechanics,Mecánica de motores pequeños
Motorboat Mechanics and Service Technicians,Mecánicos de lanchas a motor y técnicos de servicio
Motorcycle Mechanics,Mecánica de motocicletas
Outdoor Power Equipment and Other Small Engine Mechanics,Equipo de potencia para exteriores y otros mecánicos de motores pequeños
"Miscellaneous Vehicle and Mobile Equipment Mechanics, Installers, and Repairers","Mecánicos, instaladores y reparadores de vehículos y equipos móviles diversos"
Bicycle Repairers,Reparadores de bicicletas
Recreational Vehicle Service Technicians,Técnicos de servicio de vehículos recreativos
Tire Repairers and Changers,Reparadores y cambiadores de neumáticos
"Other Installation, Maintenance, and Repair Occupations","Otras ocupaciones de instalación, mantenimiento y reparación"
Control and Valve Installers and Repairers,Instaladores y reparadores de control y válvulas
Mechanical Door Repairers,Reparadores mecánicos de puertas
"Control and Valve Installers and Repairers, Except Mechanical Door","Instaladores y reparadores de control y válvulas, excepto puertas mecánicas"
"Heating, Air Conditioning, and Refrigeration Mechanics and Installers","Mecánicos e instaladores de calefacción, aire acondicionado y refrigeración"
Home Appliance Repairers,Reparadores de electrodomésticos
"Industrial Machinery Installation, Repair, and Maintenance Workers","Trabajadores de instalación, reparación y mantenimiento de maquinaria industrial"
Industrial Machinery Mechanics,Mecánica de Maquinaria Industrial
"Maintenance Workers, Machinery","Trabajadores de mantenimiento, maquinaria"
Millwrights,Constructores de molinos
"Refractory Materials Repairers, Except Brickmasons","Reparadores de materiales refractarios, excepto albañiles"
Line Installers and Repairers,Instaladores y reparadores de línea
Electrical Power-Line Installers and Repairers,Instaladores y reparadores de líneas eléctricas
Telecommunications Line Installers and Repairers,Instaladores y Reparadores de Líneas de Telecomunicaciones
Precision Instrument and Equipment Repairers,Reparadores de instrumentos y equipos de precisión
Camera and Photographic Equipment Repairers,Reparadores de cámaras y equipos fotográficos
Medical Equipment Repairers,Reparadores de equipos médicos
Musical Instrument Repairers and Tuners,Reparadores y afinadores de instrumentos musicales
Watch and Clock Repairers,Reparadores de relojes
"Precision Instrument and Equipment Repairers, All Other","Reparadores de instrumentos y equipos de precisión, todos los demás"
"Maintenance and Repair Workers, General","Trabajadores de mantenimiento y reparación, general"
Wind Turbine Service Technicians,Técnicos de servicio de turbinas eólicas
"Miscellaneous Installation, Maintenance, and Repair Workers","Trabajadores diversos de instalación, mantenimiento y reparación"
"Coin, Vending, and Amusement Machine Servicers and Repairers","Proveedores y reparadores de máquinas expendedoras y reparadoras de monedas, expendedoras y reparadoras"
Commercial Divers,Buzos comerciales
Locksmiths and Safe Repairers,Cerrajeros y reparadores seguros
Manufactured Building and Mobile Home Installers,Instaladores de edificios prefabricados y casas móviles
Riggers,Aparejadores
Signal and Track Switch Repairers,Reparadores de interruptores de señal y cadena
"Helpers--Installation, Maintenance, and Repair Workers","Ayudantes: trabajadores de instalación, mantenimiento y reparación"
"Installation, Maintenance, and Repair Workers, All Other","Trabajadores de instalación, mantenimiento y reparación, todos los demás"
Production Occupations,Ocupaciones de producción
First-Line Supervisors of Production and Operating Workers,Supervisores de primera línea de trabajadores de producción y operación
Assemblers and Fabricators,Ensambladores y Fabricantes
"Aircraft Structure, Surfaces, Rigging, and Systems Assemblers","Estructura de aeronaves, superficies, aparejos y ensambladores de sistemas"
"Electrical, Electronics, and Electromechanical Assemblers","Ensambladores eléctricos, electrónicos y electromecánicos"
"Coil Winders, Tapers, and Finishers","Bobinadoras, cobros y finalizadoras de bobinas"
"Electrical, Electronic, and Electromechanical Assemblers, Except Coil Winders, Tapers, and Finishers","Ensambladores eléctricos, electrónicos y electromecánicos, excepto bobinadoras, conos y acabadoras"
Engine and Other Machine Assemblers,Ensambladores de motores y otras máquinas
Structural Metal Fabricators and Fitters,Fabricantes y montadores de metal estructural
Fiberglass Laminators and Fabricators,Laminadores y fabricantes de fibra de vidrio
Timing Device Assemblers and Adjusters,Ensambladores y ajustadores de dispositivos de temporización
Miscellaneous Assemblers and Fabricators,Varios ensambladores y fabricantes
Food Processing Workers,Trabajadores de procesamiento de alimentos
Bakers,Panaderos
"Butchers and Other Meat, Poultry, and Fish Processing Workers","Carniceros y otros trabajadores de procesamiento de carne, aves y pescado"
Butchers and Meat Cutters,Carniceros y cortadores de carne
"Meat, Poultry, and Fish Cutters and Trimmers","Cortadores y cortadores de carne, aves y pescado"
Slaughterers and Meat Packers,Mataderos y empacadores de carne
Miscellaneous Food Processing Workers,Trabajadores de procesamiento de alimentos diversos
"Food and Tobacco Roasting, Baking, and Drying Machine Operators and Tenders","Operadores y licitaciones de máquinas de tostado, horneado y secado de alimentos y tabaco"
Food Batchmakers,Fabricantes de lotes de alimentos
Food Cooking Machine Operators and Tenders,Operadores de máquinas de cocción de alimentos y licitaciones
"Food Processing Workers, All Other","Trabajadores de procesamiento de alimentos, todos los demás"
Metal Workers and Plastic Workers,Trabajadores metalúrgicos y trabajadores del plástico
"Forming Machine Setters, Operators, and Tenders, Metal and Plastic","Máquinas formadoras, operadores y licitaciones, metal y plástico"
"Extruding and Drawing Machine Setters, Operators, and Tenders, Metal and Plastic","Colocadoras, operadores y licitaciones de máquinas de extrusión y trefilado, metal y plástico"
"Forging Machine Setters, Operators, and Tenders, Metal and Plastic","Máquinas de forja, operadores y licitaciones, metal y plástico"
"Rolling Machine Setters, Operators, and Tenders, Metal and Plastic","Máquinas laminadoras, operadores y licitaciones, metal y plástico"
"Machine Tool Cutting Setters, Operators, and Tenders, Metal and Plastic","Incubadoras, operadores y licitaciones de corte de máquinas herramienta, metal y plástico"
"Cutting, Punching, and Press Machine Setters, Operators, and Tenders, Metal and Plastic","Máquinas de corte, punzonado y prensado, operadores y licitaciones, metal y plástico"
"Drilling and Boring Machine Tool Setters, Operators, and Tenders, Metal and Plastic","Taladradoras y mandrinadoras Máquina herramienta Colocadoras, Operadores y Licitaciones, Metal y Plástico"
"Grinding, Lapping, Polishing, and Buffing Machine Tool Setters, Operators, and Tenders, Metal and Plastic","Rectificadoras, lapeadoras, pulidoras y pulidoras de máquinas herramienta Colocadores, operadores y licitaciones, metal y plástico"
"Lathe and Turning Machine Tool Setters, Operators, and Tenders, Metal and Plastic","Colocadores de herramientas de torno y torneado, operadores y licitaciones, metal y plástico"
"Milling and Planing Machine Setters, Operators, and Tenders, Metal and Plastic","Fresadoras y cepilladoras, operadores y licitaciones, metal y plástico"
Machinists,Maquinistas
"Metal Furnace Operators, Tenders, Pourers, and Casters","Operadores de hornos metálicos, licitaciones, vertedores y ruedas"
Metal-Refining Furnace Operators and Tenders,Operadores de hornos de refinación de metales y licitaciones
"Pourers and Casters, Metal","Vertederos y ruedas, Metal"
"Model Makers and Patternmakers, Metal and Plastic","Fabricantes de modelos y patronistas, metal y plástico"
"Model Makers, Metal and Plastic","Fabricantes de modelos, metal y plástico"
"Patternmakers, Metal and Plastic","Patronistas, metal y plástico"
"Molders and Molding Machine Setters, Operators, and Tenders, Metal and Plastic","Moldeadores y máquinas de moldeo, operadores y licitaciones, metal y plástico"
Foundry Mold and Coremakers,Moldes de fundición y fabricantes de núcleos
"Molding, Coremaking, and Casting Machine Setters, Operators, and Tenders, Metal and Plastic","Moldeadoras, fabricantes de núcleos y máquinas de fundición, operadores y licitaciones, metal y plástico"
"Multiple Machine Tool Setters, Operators, and Tenders, Metal and Plastic","Múltiples colocadores de máquinas-herramienta, operadores y licitaciones, metal y plástico"
Tool and Die Makers,Fabricantes de herramientas y troqueles
"Welding, Soldering, and Brazing Workers","Trabajadores de soldadura, soldadura y soldadura fuerte"
"Welders, Cutters, Solderers, and Brazers","Soldadores, cortadores, soldadores y brazers"
"Welding, Soldering, and Brazing Machine Setters, Operators, and Tenders","Colocadoras, operadores y licitaciones de máquinas de soldadura, soldadura y soldadura fuerte"
Miscellaneous Metal Workers and Plastic Workers,Trabajadores metalúrgicos y trabajadores plásticos diversos
"Heat Treating Equipment Setters, Operators, and Tenders, Metal and Plastic","Colocadores de equipos de tratamiento térmico, operadores y licitaciones, metal y plástico"
"Layout Workers, Metal and Plastic","Trabajadores de diseño, metal y plástico"
"Plating Machine Setters, Operators, and Tenders, Metal and Plastic","Colocadoras, operadores y licitaciones de máquinas de chapado, metal y plástico"
"Tool Grinders, Filers, and Sharpeners","Rectificadoras, fileras y afiladoras de herramientas"
"Metal Workers and Plastic Workers, All Other","Trabajadores metalúrgicos y trabajadores del plástico, todos los demás"
Printing Workers,Trabajadores de impresión
Prepress Technicians and Workers,Técnicos y trabajadores de preimpresión
Printing Press Operators,Operadores de imprenta
Print Binding and Finishing Workers,Trabajadores de encuadernación y acabado de impresión
"Textile, Apparel, and Furnishings Workers","Trabajadores textiles, de prendas de vestir y mobiliario"
Laundry and Dry-Cleaning Workers,Trabajadores de lavandería y tintorería
"Pressers, Textile, Garment, and Related Materials","Prensadoras, textiles, prendas de vestir y materiales relacionados"
Sewing Machine Operators,Operadores de máquinas de coser
Shoe and Leather Workers,Trabajadores del calzado y el cuero
Shoe and Leather Workers and Repairers,Trabajadores y reparadores de calzado y cuero
Shoe Machine Operators and Tenders,Operadores de máquinas de calzado y licitaciones
"Tailors, Dressmakers, and Sewers","Sastres, modistas y alcantarillas"
"Sewers, Hand","Alcantarillado, Mano"
"Tailors, Dressmakers, and Custom Sewers","Sastres, modistas y alcantarillas personalizadas"
"Textile Machine Setters, Operators, and Tenders","Colocadores, operadores y licitaciones de máquinas textiles"
Textile Bleaching and Dyeing Machine Operators and Tenders,Operadores y licitaciones de máquinas de blanqueo y teñido textil
"Textile Cutting Machine Setters, Operators, and Tenders","Máquinas de corte textil, operadores y licitaciones"
"Textile Knitting and Weaving Machine Setters, Operators, and Tenders","Máquinas de tejer y tejer textiles, operadores y licitaciones"
"Textile Winding, Twisting, and Drawing Out Machine Setters, Operators, and Tenders","Bobinado, torsión y extracción de máquinas textiles, operadores y licitaciones"
"Miscellaneous Textile, Apparel, and Furnishings Workers","Trabajadores diversos de textiles, prendas de vestir y muebles"
"Extruding and Forming Machine Setters, Operators, and Tenders, Synthetic and Glass Fibers","Máquinas de extrusión y conformado, operadores y licitaciones, fibras sintéticas y de vidrio"
Fabric and Apparel Patternmakers,Fabricantes de patrones de telas y prendas de vestir
Upholsterers,Tapiceros
"Textile, Apparel, and Furnishings Workers, All Other","Trabajadores textiles, de prendas de vestir y muebles, todos los demás"
Woodworkers,Carpinteros
Cabinetmakers and Bench Carpenters,Ebanistas y carpinteros de banco
Furniture Finishers,Acabados de muebles
"Model Makers and Patternmakers, Wood","Modelistas y patronistas, Madera"
"Model Makers, Wood","Fabricantes de modelos, madera"
"Patternmakers, Wood","Patronistas, Madera"
"Woodworking Machine Setters, Operators, and Tenders","Colocadores, operadores y licitaciones de máquinas para trabajar la madera"
"Sawing Machine Setters, Operators, and Tenders, Wood","Colocadoras, operadores y licitaciones de máquinas de aserrar, madera"
"Woodworking Machine Setters, Operators, and Tenders, Except Sawing","Incubadoras, operadores y licitaciones de máquinas para trabajar la madera, excepto aserrado"
"Woodworkers, All Other","Carpinteros, todos los demás"
Plant and System Operators,Operadores de plantas y sistemas
"Power Plant Operators, Distributors, and Dispatchers","Operadores, distribuidores y despachadores de centrales eléctricas"
Nuclear Power Reactor Operators,Operadores de reactores nucleares
Power Distributors and Dispatchers,Distribuidores y despachadores de energía
Power Plant Operators,Operadores de centrales eléctricas
Stationary Engineers and Boiler Operators,Ingenieros estacionarios y operadores de calderas
Water and Wastewater Treatment Plant and System Operators,Operadores de plantas y sistemas de tratamiento de agua y aguas residuales
Miscellaneous Plant and System Operators,Operadores de instalaciones y sistemas diversos
Chemical Plant and System Operators,Operadores de plantas y sistemas químicos
Gas Plant Operators,Operadores de plantas de gas
"Petroleum Pump System Operators, Refinery Operators, and Gaugers","Operadores de sistemas de bombeo de petróleo, operadores de refinería y medidores"
"Plant and System Operators, All Other","Operadores de plantas y sistemas, todos los demás"
Other Production Occupations,Otras ocupaciones de producción
"Chemical Processing Machine Setters, Operators, and Tenders","Colocadores, operadores y licitaciones de máquinas de procesamiento químico"
Chemical Equipment Operators and Tenders,Operadores de equipos químicos y licitaciones
"Separating, Filtering, Clarifying, Precipitating, and Still Machine Setters, Operators, and Tenders","Separar, filtrar, clarificar, precipitar y colocar inmovilizar máquinas, operadores y licitaciones"
"Crushing, Grinding, Polishing, Mixing, and Blending Workers","Trabajadores de trituración, esmerilado, pulido, mezcla y mezcla"
"Crushing, Grinding, and Polishing Machine Setters, Operators, and Tenders","Trituradoras, rectificadoras y pulidoras de máquinas intencionadoras, operadores y licitaciones"
"Grinding and Polishing Workers, Hand","Trabajadores de esmerilado y pulido, a mano"
"Mixing and Blending Machine Setters, Operators, and Tenders","Incubadoras, operadores y licitaciones de máquinas mezcladoras y mezcladoras"
Cutting Workers,Trabajadores de corte
"Cutters and Trimmers, Hand","Cortadoras y recortadoras, mano"
"Cutting and Slicing Machine Setters, Operators, and Tenders","Máquinas de corte y corte Intencionadoras, operadores y licitaciones"
"Extruding, Forming, Pressing, and Compacting Machine Setters, Operators, and Tenders","Máquinas de extrusión, conformado, prensado y compactación de incubadoras, operadores y licitaciones"
"Furnace, Kiln, Oven, Drier, and Kettle Operators and Tenders","Operadores y licitaciones de hornos, hornos, secadores y hervidores"
"Inspectors, Testers, Sorters, Samplers, and Weighers","Inspectores, probadores, clasificadores, muestreadores y pesadores"
Jewelers and Precious Stone and Metal Workers,Joyeros y trabajadores de piedras preciosas y metales
Dental and Ophthalmic Laboratory Technicians and Medical Appliance Technicians,Técnicos de laboratorio dental y oftalmológico y técnicos de aparatos médicos
Dental Laboratory Technicians,Técnicos de laboratorio dental
Medical Appliance Technicians,Técnicos en aparatos médicos
Ophthalmic Laboratory Technicians,Técnicos de laboratorio oftalmológico
Packaging and Filling Machine Operators and Tenders,Operadores de máquinas de envasado y llenado y licitaciones
Painting Workers,Trabajadores de la pintura
"Painting, Coating, and Decorating Workers","Trabajadores de pintura, recubrimiento y decoración"
"Coating, Painting, and Spraying Machine Setters, Operators, and Tenders","Máquinas de recubrimiento, pintura y pulverización, operadores y licitaciones"
Semiconductor Processing Technicians,Técnicos de procesamiento de semiconductores
Photographic Process Workers and Processing Machine Operators,Trabajadores de procesos fotográficos y operadores de máquinas de procesamiento
Computer Numerically Controlled Tool Operators and Programmers,Operadores y programadores de herramientas controladas numéricamente por computadora
Computer Numerically Controlled Tool Operators,Operadores de herramientas controladas numéricamente por computadora
Computer Numerically Controlled Tool Programmers,Programadores de herramientas controladas numéricamente por computadora
Miscellaneous Production Workers,Trabajadores de producción varios
Adhesive Bonding Machine Operators and Tenders,Operadores y licitaciones de máquinas adhesivas
"Cleaning, Washing, and Metal Pickling Equipment Operators and Tenders","Operadores y licitaciones de equipos de limpieza, lavado y decapado de metales"
Cooling and Freezing Equipment Operators and Tenders,Operadores de equipos de refrigeración y congelación y licitaciones
Etchers and Engravers,Grabadores y grabadores
"Molders, Shapers, and Casters, Except Metal and Plastic","Moldeadores, moldeadores y ruedas, excepto metal y plástico"
"Paper Goods Machine Setters, Operators, and Tenders","Colocadores, operadores y licitaciones de máquinas de artículos de papel"
Tire Builders,Constructores de neumáticos
Helpers--Production Workers,Ayudantes - Trabajadores de producción
"Production Workers, All Other","Trabajadores de producción, todos los demás"
Transportation and Material Moving Occupations,Ocupaciones de transporte y movimiento de materiales
First-Line Supervisors of Transportation and Material Moving Workers,Supervisores de primera línea de trabajadores de transporte y movimiento de materiales
Aircraft Cargo Handling Supervisors,Supervisores de manejo de carga de aeronaves
"First-Line Supervisors of Transportation and Material Moving Workers, Except Aircraft Cargo Handling Supervisors","Supervisores de primera línea de trabajadores de transporte y movimiento de materiales, excepto supervisores de manejo de carga de aeronaves"
Air Transportation Workers,Trabajadores del transporte aéreo
Aircraft Pilots and Flight Engineers,Pilotos de aeronaves e ingenieros de vuelo
"Airline Pilots, Copilots, and Flight Engineers","Pilotos de aerolíneas, copilotos e ingenieros de vuelo"
Commercial Pilots,Pilotos Comerciales
Air Traffic Controllers and Airfield Operations Specialists,Controladores de Tránsito Aéreo y Especialistas en Operaciones de Aeródromos
Air Traffic Controllers,Controladores aéreos
Airfield Operations Specialists,Especialistas en Operaciones de Aeródromos
Flight Attendants,Azafatas
Motor Vehicle Operators,Operadores de vehículos de motor
"Ambulance Drivers and Attendants, Except Emergency Medical Technicians","Conductores y asistentes de ambulancia, excepto técnicos médicos de emergencia"
Driver/Sales Workers and Truck Drivers,Conductores/Vendedores y Conductores de Camiones
Driver/Sales Workers,Conductor/Trabajadores de ventas
Heavy and Tractor-Trailer Truck Drivers,Conductores de camiones pesados y con remolque
Light Truck Drivers,Conductores de camiones ligeros
Passenger Vehicle Drivers,Conductores de vehículos de pasajeros
"Bus Drivers, School","Conductores de autobuses, Escuela"
"Bus Drivers, Transit and Intercity","Conductores de autobuses, tránsito e interurbanos"
Shuttle Drivers and Chauffeurs,Conductores y chóferes
Taxi Drivers,Taxistas
"Motor Vehicle Operators, All Other","Operadores de vehículos de motor, todos los demás"
Rail Transportation Workers,Trabajadores del transporte ferroviario
Locomotive Engineers and Operators,Ingenieros y operadores de locomotoras
Locomotive Engineers,Ingenieros de locomotoras
"Rail Yard Engineers, Dinkey Operators, and Hostlers","Ingenieros de patio ferroviario, operadores de Dinkey y hostlers"
"Railroad Brake, Signal, and Switch Operators and Locomotive Firers","Frenos ferroviarios, señales y operadores de interruptores y disparadores de locomotoras"
Railroad Conductors and Yardmasters,Conductores de ferrocarril y maestros de patio
Subway and Streetcar Operators,Operadores de metro y tranvía
"Rail Transportation Workers, All Other","Trabajadores del transporte ferroviario, todos los demás"
Water Transportation Workers,Trabajadores del transporte acuático
Sailors and Marine Oilers,Marineros y Petroleros Marinos
Ship and Boat Captains and Operators,Capitanes y operadores de buques y embarcaciones
"Captains, Mates, and Pilots of Water Vessels","Capitanes, compañeros y pilotos de embarcaciones acuáticas"
Motorboat Operators,Operadores de lanchas a motor
Ship Engineers,Ingenieros navales
Other Transportation Workers,Otros trabajadores del transporte
Bridge and Lock Tenders,Licitaciones de puentes y esclusas
Parking Attendants,Asistentes de estacionamiento
Transportation Service Attendants,Asistentes de servicio de transporte
Automotive and Watercraft Service Attendants,Asistentes de servicio automotriz y de embarcaciones
Aircraft Service Attendants,Asistentes de servicio de aeronaves
Traffic Technicians,Técnicos de Tráfico
Transportation Inspectors,Inspectores de Transporte
Passenger Attendants,Asistentes de pasajeros
"Transportation Workers, All Other","Trabajadores del transporte, todos los demás"
Material Moving Workers,Trabajadores de mudanza de materiales
Conveyor Operators and Tenders,Operadores de transportadores y licitaciones
Crane and Tower Operators,Operadores de grúas y torres
Dredge Operators,Operadores de dragado
Hoist and Winch Operators,Operadores de polipasto y cabrestante
Industrial Truck and Tractor Operators,Operadores de camiones y tractores industriales
Laborers and Material Movers,Obreros y transportistas de materiales
Cleaners of Vehicles and Equipment,Limpiadores de vehículos y equipos
"Laborers and Freight, Stock, and Material Movers, Hand","Obreros y transportistas de carga, existencias y materiales, mano"
Machine Feeders and Offbearers,Alimentadores de máquinas y portadores
"Packers and Packagers, Hand","Empacadores y Empacadores, Mano"
Stockers and Order Fillers,Almacenistas y llenadores de pedidos
Pumping Station Operators,Operadores de estaciones de bombeo
Gas Compressor and Gas Pumping Station Operators,Operadores de compresores de gas y estaciones de bombeo de gas
"Pump Operators, Except Wellhead Pumpers","Operadores de bombas, excepto bombas de boca de pozo"
Wellhead Pumpers,Bombas de boca de pozo
Refuse and Recyclable Material Collectors,Colectores de residuos y materiales reciclables
"Tank Car, Truck, and Ship Loaders","Cargadores de vagones cisterna, camiones y barcos"
"Material Moving Workers, All Other","Trabajadores de mudanza de materiales, todos los demás"
